File	Reads
AdapPrim_bneA_AACGCCAGCGAA_r1.fq.gz	13336
AdapPrim_bneA_AACGCCAGCGAA_r2.fq.gz	13336
AdapPrim_bneA_AATCACCAAGAG_r1.fq.gz	16629
AdapPrim_bneA_AATCACCAAGAG_r2.fq.gz	16629
AdapPrim_bneA_ACCTCAGCGCAA_r1.fq.gz	15688
AdapPrim_bneA_ACCTCAGCGCAA_r2.fq.gz	15688
AdapPrim_bneA_ACGGCGTATTGG_r1.fq.gz	17670
AdapPrim_bneA_ACGGCGTATTGG_r2.fq.gz	17670
AdapPrim_bneA_ACTCACTCCGTG_r1.fq.gz	14556
AdapPrim_bneA_ACTCACTCCGTG_r2.fq.gz	14556
AdapPrim_bneA_CCATCTCAGCGA_r1.fq.gz	14058
AdapPrim_bneA_CCATCTCAGCGA_r2.fq.gz	14058
AdapPrim_bneA_CCGCTTGAGGTA_r1.fq.gz	10397
AdapPrim_bneA_CCGCTTGAGGTA_r2.fq.gz	10397
AdapPrim_bneA_CGATTGTTACGT_r1.fq.gz	10667
AdapPrim_bneA_CGATTGTTACGT_r2.fq.gz	10667
AdapPrim_bneA_CGTCTCAGACAA_r1.fq.gz	17107
AdapPrim_bneA_CGTCTCAGACAA_r2.fq.gz	17107
AdapPrim_bneA_CTCTGGCTATTG_r1.fq.gz	16301
AdapPrim_bneA_CTCTGGCTATTG_r2.fq.gz	16301
AdapPrim_bneA_GAGGATCCGTTG_r1.fq.gz	14506
AdapPrim_bneA_GAGGATCCGTTG_r2.fq.gz	14506
AdapPrim_bneA_GATACGCCAGAA_r1.fq.gz	18603
AdapPrim_bneA_GATACGCCAGAA_r2.fq.gz	18603
AdapPrim_bneA_GCGTAAGAGATG_r1.fq.gz	12827
AdapPrim_bneA_GCGTAAGAGATG_r2.fq.gz	12827
AdapPrim_bneA_GGAGAAGAAGAA_r1.fq.gz	15595
AdapPrim_bneA_GGAGAAGAAGAA_r2.fq.gz	15595
AdapPrim_bneA_GGCCTAACTACT_r1.fq.gz	10094
AdapPrim_bneA_GGCCTAACTACT_r2.fq.gz	10094
AdapPrim_bneA_GGTCGGTGTTGT_r1.fq.gz	12271
AdapPrim_bneA_GGTCGGTGTTGT_r2.fq.gz	12271
AdapPrim_bneA_GGTTATCTGCGG_r1.fq.gz	19712
AdapPrim_bneA_GGTTATCTGCGG_r2.fq.gz	19712
AdapPrim_bneA_GTACTGGTGTTA_r1.fq.gz	18276
AdapPrim_bneA_GTACTGGTGTTA_r2.fq.gz	18276
AdapPrim_bneA_GTAGTAGTGACG_r1.fq.gz	23898
AdapPrim_bneA_GTAGTAGTGACG_r2.fq.gz	23898
AdapPrim_bneA_GTATTCGCGCCA_r1.fq.gz	16995
AdapPrim_bneA_GTATTCGCGCCA_r2.fq.gz	16995
AdapPrim_bneA_GTGAACCGTTCG_r1.fq.gz	18029
AdapPrim_bneA_GTGAACCGTTCG_r2.fq.gz	18029
AdapPrim_bneA_TAACACCGGTCG_r1.fq.gz	15378
AdapPrim_bneA_TAACACCGGTCG_r2.fq.gz	15378
AdapPrim_bneA_TCAGAACTACGA_r1.fq.gz	16719
AdapPrim_bneA_TCAGAACTACGA_r2.fq.gz	16719
AdapPrim_bneA_TGAAGGAGCCGA_r1.fq.gz	24174
AdapPrim_bneA_TGAAGGAGCCGA_r2.fq.gz	24174
AdapPrim_bneB_AACGCCAGCGAA_r1.fq.gz	28534
AdapPrim_bneB_AACGCCAGCGAA_r2.fq.gz	28534
AdapPrim_bneB_AATCACCAAGAG_r1.fq.gz	35452
AdapPrim_bneB_AATCACCAAGAG_r2.fq.gz	35452
AdapPrim_bneB_ACCTCAGCGCAA_r1.fq.gz	33984
AdapPrim_bneB_ACCTCAGCGCAA_r2.fq.gz	33984
AdapPrim_bneB_ACGGCGTATTGG_r1.fq.gz	36424
AdapPrim_bneB_ACGGCGTATTGG_r2.fq.gz	36424
AdapPrim_bneB_ACTCACTCCGTG_r1.fq.gz	30708
AdapPrim_bneB_ACTCACTCCGTG_r2.fq.gz	30708
AdapPrim_bneB_CCATCTCAGCGA_r1.fq.gz	29104
AdapPrim_bneB_CCATCTCAGCGA_r2.fq.gz	29104
AdapPrim_bneB_CCGCTTGAGGTA_r1.fq.gz	21980
AdapPrim_bneB_CCGCTTGAGGTA_r2.fq.gz	21980
AdapPrim_bneB_CGATTGTTACGT_r1.fq.gz	22441
AdapPrim_bneB_CGATTGTTACGT_r2.fq.gz	22441
AdapPrim_bneB_CGTCTCAGACAA_r1.fq.gz	36114
AdapPrim_bneB_CGTCTCAGACAA_r2.fq.gz	36114
AdapPrim_bneB_CTCTGGCTATTG_r1.fq.gz	33825
AdapPrim_bneB_CTCTGGCTATTG_r2.fq.gz	33825
AdapPrim_bneB_GAGGATCCGTTG_r1.fq.gz	30849
AdapPrim_bneB_GAGGATCCGTTG_r2.fq.gz	30849
AdapPrim_bneB_GATACGCCAGAA_r1.fq.gz	38819
AdapPrim_bneB_GATACGCCAGAA_r2.fq.gz	38819
AdapPrim_bneB_GCGTAAGAGATG_r1.fq.gz	27790
AdapPrim_bneB_GCGTAAGAGATG_r2.fq.gz	27790
AdapPrim_bneB_GGAGAAGAAGAA_r1.fq.gz	32980
AdapPrim_bneB_GGAGAAGAAGAA_r2.fq.gz	32980
AdapPrim_bneB_GGCCTAACTACT_r1.fq.gz	20927
AdapPrim_bneB_GGCCTAACTACT_r2.fq.gz	20927
AdapPrim_bneB_GGTCGGTGTTGT_r1.fq.gz	26239
AdapPrim_bneB_GGTCGGTGTTGT_r2.fq.gz	26239
AdapPrim_bneB_GGTTATCTGCGG_r1.fq.gz	41516
AdapPrim_bneB_GGTTATCTGCGG_r2.fq.gz	41516
AdapPrim_bneB_GTACTGGTGTTA_r1.fq.gz	38239
AdapPrim_bneB_GTACTGGTGTTA_r2.fq.gz	38239
AdapPrim_bneB_GTAGTAGTGACG_r1.fq.gz	50019
AdapPrim_bneB_GTAGTAGTGACG_r2.fq.gz	50019
AdapPrim_bneB_GTATTCGCGCCA_r1.fq.gz	36659
AdapPrim_bneB_GTATTCGCGCCA_r2.fq.gz	36659
AdapPrim_bneB_GTGAACCGTTCG_r1.fq.gz	38392
AdapPrim_bneB_GTGAACCGTTCG_r2.fq.gz	38392
AdapPrim_bneB_TAACACCGGTCG_r1.fq.gz	32774
AdapPrim_bneB_TAACACCGGTCG_r2.fq.gz	32774
AdapPrim_bneB_TCAGAACTACGA_r1.fq.gz	35192
AdapPrim_bneB_TCAGAACTACGA_r2.fq.gz	35192
AdapPrim_bneB_TGAAGGAGCCGA_r1.fq.gz	51356
AdapPrim_bneB_TGAAGGAGCCGA_r2.fq.gz	51356
AdapPrim_bneC_AACGCCAGCGAA_r1.fq.gz	20484
AdapPrim_bneC_AACGCCAGCGAA_r2.fq.gz	20484
AdapPrim_bneC_AATCACCAAGAG_r1.fq.gz	25490
AdapPrim_bneC_AATCACCAAGAG_r2.fq.gz	25490
AdapPrim_bneC_ACCTCAGCGCAA_r1.fq.gz	24535
AdapPrim_bneC_ACCTCAGCGCAA_r2.fq.gz	24535
AdapPrim_bneC_ACGGCGTATTGG_r1.fq.gz	26488
AdapPrim_bneC_ACGGCGTATTGG_r2.fq.gz	26488
AdapPrim_bneC_ACTCACTCCGTG_r1.fq.gz	22025
AdapPrim_bneC_ACTCACTCCGTG_r2.fq.gz	22025
AdapPrim_bneC_CCATCTCAGCGA_r1.fq.gz	21112
AdapPrim_bneC_CCATCTCAGCGA_r2.fq.gz	21112
AdapPrim_bneC_CCGCTTGAGGTA_r1.fq.gz	15786
AdapPrim_bneC_CCGCTTGAGGTA_r2.fq.gz	15786
AdapPrim_bneC_CGATTGTTACGT_r1.fq.gz	16423
AdapPrim_bneC_CGATTGTTACGT_r2.fq.gz	16423
AdapPrim_bneC_CGTCTCAGACAA_r1.fq.gz	25904
AdapPrim_bneC_CGTCTCAGACAA_r2.fq.gz	25904
AdapPrim_bneC_CTCTGGCTATTG_r1.fq.gz	24586
AdapPrim_bneC_CTCTGGCTATTG_r2.fq.gz	24586
AdapPrim_bneC_GAGGATCCGTTG_r1.fq.gz	22273
AdapPrim_bneC_GAGGATCCGTTG_r2.fq.gz	22273
AdapPrim_bneC_GATACGCCAGAA_r1.fq.gz	27601
AdapPrim_bneC_GATACGCCAGAA_r2.fq.gz	27601
AdapPrim_bneC_GCGTAAGAGATG_r1.fq.gz	19713
AdapPrim_bneC_GCGTAAGAGATG_r2.fq.gz	19713
AdapPrim_bneC_GGAGAAGAAGAA_r1.fq.gz	23638
AdapPrim_bneC_GGAGAAGAAGAA_r2.fq.gz	23638
AdapPrim_bneC_GGCCTAACTACT_r1.fq.gz	15077
AdapPrim_bneC_GGCCTAACTACT_r2.fq.gz	15077
AdapPrim_bneC_GGTCGGTGTTGT_r1.fq.gz	18616
AdapPrim_bneC_GGTCGGTGTTGT_r2.fq.gz	18616
AdapPrim_bneC_GGTTATCTGCGG_r1.fq.gz	29742
AdapPrim_bneC_GGTTATCTGCGG_r2.fq.gz	29742
AdapPrim_bneC_GTACTGGTGTTA_r1.fq.gz	27516
AdapPrim_bneC_GTACTGGTGTTA_r2.fq.gz	27516
AdapPrim_bneC_GTAGTAGTGACG_r1.fq.gz	36216
AdapPrim_bneC_GTAGTAGTGACG_r2.fq.gz	36216
AdapPrim_bneC_GTATTCGCGCCA_r1.fq.gz	26176
AdapPrim_bneC_GTATTCGCGCCA_r2.fq.gz	26176
AdapPrim_bneC_GTGAACCGTTCG_r1.fq.gz	27470
AdapPrim_bneC_GTGAACCGTTCG_r2.fq.gz	27470
AdapPrim_bneC_TAACACCGGTCG_r1.fq.gz	24190
AdapPrim_bneC_TAACACCGGTCG_r2.fq.gz	24190
AdapPrim_bneC_TCAGAACTACGA_r1.fq.gz	25238
AdapPrim_bneC_TCAGAACTACGA_r2.fq.gz	25238
AdapPrim_bneC_TGAAGGAGCCGA_r1.fq.gz	37154
AdapPrim_bneC_TGAAGGAGCCGA_r2.fq.gz	37154
AdapPrim_bnnA_AACGCCAGCGAA_r1.fq.gz	9591
AdapPrim_bnnA_AACGCCAGCGAA_r2.fq.gz	9591
AdapPrim_bnnA_AATCACCAAGAG_r1.fq.gz	12087
AdapPrim_bnnA_AATCACCAAGAG_r2.fq.gz	12087
AdapPrim_bnnA_ACCTCAGCGCAA_r1.fq.gz	11468
AdapPrim_bnnA_ACCTCAGCGCAA_r2.fq.gz	11468
AdapPrim_bnnA_ACGGCGTATTGG_r1.fq.gz	12493
AdapPrim_bnnA_ACGGCGTATTGG_r2.fq.gz	12493
AdapPrim_bnnA_ACTCACTCCGTG_r1.fq.gz	10499
AdapPrim_bnnA_ACTCACTCCGTG_r2.fq.gz	10499
AdapPrim_bnnA_CCATCTCAGCGA_r1.fq.gz	9929
AdapPrim_bnnA_CCATCTCAGCGA_r2.fq.gz	9929
AdapPrim_bnnA_CCGCTTGAGGTA_r1.fq.gz	7400
AdapPrim_bnnA_CCGCTTGAGGTA_r2.fq.gz	7400
AdapPrim_bnnA_CGATTGTTACGT_r1.fq.gz	7609
AdapPrim_bnnA_CGATTGTTACGT_r2.fq.gz	7609
AdapPrim_bnnA_CGTCTCAGACAA_r1.fq.gz	12287
AdapPrim_bnnA_CGTCTCAGACAA_r2.fq.gz	12287
AdapPrim_bnnA_CTCTGGCTATTG_r1.fq.gz	11758
AdapPrim_bnnA_CTCTGGCTATTG_r2.fq.gz	11758
AdapPrim_bnnA_GAGGATCCGTTG_r1.fq.gz	10483
AdapPrim_bnnA_GAGGATCCGTTG_r2.fq.gz	10483
AdapPrim_bnnA_GATACGCCAGAA_r1.fq.gz	13027
AdapPrim_bnnA_GATACGCCAGAA_r2.fq.gz	13027
AdapPrim_bnnA_GCGTAAGAGATG_r1.fq.gz	9260
AdapPrim_bnnA_GCGTAAGAGATG_r2.fq.gz	9260
AdapPrim_bnnA_GGAGAAGAAGAA_r1.fq.gz	11136
AdapPrim_bnnA_GGAGAAGAAGAA_r2.fq.gz	11136
AdapPrim_bnnA_GGCCTAACTACT_r1.fq.gz	7118
AdapPrim_bnnA_GGCCTAACTACT_r2.fq.gz	7118
AdapPrim_bnnA_GGTCGGTGTTGT_r1.fq.gz	8847
AdapPrim_bnnA_GGTCGGTGTTGT_r2.fq.gz	8847
AdapPrim_bnnA_GGTTATCTGCGG_r1.fq.gz	14210
AdapPrim_bnnA_GGTTATCTGCGG_r2.fq.gz	14210
AdapPrim_bnnA_GTACTGGTGTTA_r1.fq.gz	12847
AdapPrim_bnnA_GTACTGGTGTTA_r2.fq.gz	12847
AdapPrim_bnnA_GTAGTAGTGACG_r1.fq.gz	16905
AdapPrim_bnnA_GTAGTAGTGACG_r2.fq.gz	16905
AdapPrim_bnnA_GTATTCGCGCCA_r1.fq.gz	12281
AdapPrim_bnnA_GTATTCGCGCCA_r2.fq.gz	12281
AdapPrim_bnnA_GTGAACCGTTCG_r1.fq.gz	12942
AdapPrim_bnnA_GTGAACCGTTCG_r2.fq.gz	12942
AdapPrim_bnnA_TAACACCGGTCG_r1.fq.gz	10965
AdapPrim_bnnA_TAACACCGGTCG_r2.fq.gz	10965
AdapPrim_bnnA_TCAGAACTACGA_r1.fq.gz	11911
AdapPrim_bnnA_TCAGAACTACGA_r2.fq.gz	11911
AdapPrim_bnnA_TGAAGGAGCCGA_r1.fq.gz	17265
AdapPrim_bnnA_TGAAGGAGCCGA_r2.fq.gz	17265
AdapPrim_bnnB_AACGCCAGCGAA_r1.fq.gz	24169
AdapPrim_bnnB_AACGCCAGCGAA_r2.fq.gz	24169
AdapPrim_bnnB_AATCACCAAGAG_r1.fq.gz	29263
AdapPrim_bnnB_AATCACCAAGAG_r2.fq.gz	29263
AdapPrim_bnnB_ACCTCAGCGCAA_r1.fq.gz	28475
AdapPrim_bnnB_ACCTCAGCGCAA_r2.fq.gz	28475
AdapPrim_bnnB_ACGGCGTATTGG_r1.fq.gz	30549
AdapPrim_bnnB_ACGGCGTATTGG_r2.fq.gz	30549
AdapPrim_bnnB_ACTCACTCCGTG_r1.fq.gz	25523
AdapPrim_bnnB_ACTCACTCCGTG_r2.fq.gz	25523
AdapPrim_bnnB_CCATCTCAGCGA_r1.fq.gz	24363
AdapPrim_bnnB_CCATCTCAGCGA_r2.fq.gz	24363
AdapPrim_bnnB_CCGCTTGAGGTA_r1.fq.gz	18345
AdapPrim_bnnB_CCGCTTGAGGTA_r2.fq.gz	18345
AdapPrim_bnnB_CGATTGTTACGT_r1.fq.gz	18834
AdapPrim_bnnB_CGATTGTTACGT_r2.fq.gz	18834
AdapPrim_bnnB_CGTCTCAGACAA_r1.fq.gz	30221
AdapPrim_bnnB_CGTCTCAGACAA_r2.fq.gz	30221
AdapPrim_bnnB_CTCTGGCTATTG_r1.fq.gz	28637
AdapPrim_bnnB_CTCTGGCTATTG_r2.fq.gz	28637
AdapPrim_bnnB_GAGGATCCGTTG_r1.fq.gz	25650
AdapPrim_bnnB_GAGGATCCGTTG_r2.fq.gz	25650
AdapPrim_bnnB_GATACGCCAGAA_r1.fq.gz	32334
AdapPrim_bnnB_GATACGCCAGAA_r2.fq.gz	32334
AdapPrim_bnnB_GCGTAAGAGATG_r1.fq.gz	22899
AdapPrim_bnnB_GCGTAAGAGATG_r2.fq.gz	22899
AdapPrim_bnnB_GGAGAAGAAGAA_r1.fq.gz	27328
AdapPrim_bnnB_GGAGAAGAAGAA_r2.fq.gz	27328
AdapPrim_bnnB_GGCCTAACTACT_r1.fq.gz	17272
AdapPrim_bnnB_GGCCTAACTACT_r2.fq.gz	17272
AdapPrim_bnnB_GGTCGGTGTTGT_r1.fq.gz	22017
AdapPrim_bnnB_GGTCGGTGTTGT_r2.fq.gz	22017
AdapPrim_bnnB_GGTTATCTGCGG_r1.fq.gz	34733
AdapPrim_bnnB_GGTTATCTGCGG_r2.fq.gz	34733
AdapPrim_bnnB_GTACTGGTGTTA_r1.fq.gz	31820
AdapPrim_bnnB_GTACTGGTGTTA_r2.fq.gz	31820
AdapPrim_bnnB_GTAGTAGTGACG_r1.fq.gz	41320
AdapPrim_bnnB_GTAGTAGTGACG_r2.fq.gz	41320
AdapPrim_bnnB_GTATTCGCGCCA_r1.fq.gz	30483
AdapPrim_bnnB_GTATTCGCGCCA_r2.fq.gz	30483
AdapPrim_bnnB_GTGAACCGTTCG_r1.fq.gz	32317
AdapPrim_bnnB_GTGAACCGTTCG_r2.fq.gz	32317
AdapPrim_bnnB_TAACACCGGTCG_r1.fq.gz	27845
AdapPrim_bnnB_TAACACCGGTCG_r2.fq.gz	27845
AdapPrim_bnnB_TCAGAACTACGA_r1.fq.gz	29501
AdapPrim_bnnB_TCAGAACTACGA_r2.fq.gz	29501
AdapPrim_bnnB_TGAAGGAGCCGA_r1.fq.gz	42985
AdapPrim_bnnB_TGAAGGAGCCGA_r2.fq.gz	42985
AdapPrim_bnnC_AACGCCAGCGAA_r1.fq.gz	15957
AdapPrim_bnnC_AACGCCAGCGAA_r2.fq.gz	15957
AdapPrim_bnnC_AATCACCAAGAG_r1.fq.gz	19830
AdapPrim_bnnC_AATCACCAAGAG_r2.fq.gz	19830
AdapPrim_bnnC_ACCTCAGCGCAA_r1.fq.gz	18542
AdapPrim_bnnC_ACCTCAGCGCAA_r2.fq.gz	18542
AdapPrim_bnnC_ACGGCGTATTGG_r1.fq.gz	20421
AdapPrim_bnnC_ACGGCGTATTGG_r2.fq.gz	20421
AdapPrim_bnnC_ACTCACTCCGTG_r1.fq.gz	17119
AdapPrim_bnnC_ACTCACTCCGTG_r2.fq.gz	17119
AdapPrim_bnnC_CCATCTCAGCGA_r1.fq.gz	16595
AdapPrim_bnnC_CCATCTCAGCGA_r2.fq.gz	16595
AdapPrim_bnnC_CCGCTTGAGGTA_r1.fq.gz	12354
AdapPrim_bnnC_CCGCTTGAGGTA_r2.fq.gz	12354
AdapPrim_bnnC_CGATTGTTACGT_r1.fq.gz	12594
AdapPrim_bnnC_CGATTGTTACGT_r2.fq.gz	12594
AdapPrim_bnnC_CGTCTCAGACAA_r1.fq.gz	20187
AdapPrim_bnnC_CGTCTCAGACAA_r2.fq.gz	20187
AdapPrim_bnnC_CTCTGGCTATTG_r1.fq.gz	19400
AdapPrim_bnnC_CTCTGGCTATTG_r2.fq.gz	19400
AdapPrim_bnnC_GAGGATCCGTTG_r1.fq.gz	17487
AdapPrim_bnnC_GAGGATCCGTTG_r2.fq.gz	17487
AdapPrim_bnnC_GATACGCCAGAA_r1.fq.gz	21702
AdapPrim_bnnC_GATACGCCAGAA_r2.fq.gz	21702
AdapPrim_bnnC_GCGTAAGAGATG_r1.fq.gz	15183
AdapPrim_bnnC_GCGTAAGAGATG_r2.fq.gz	15183
AdapPrim_bnnC_GGAGAAGAAGAA_r1.fq.gz	18408
AdapPrim_bnnC_GGAGAAGAAGAA_r2.fq.gz	18408
AdapPrim_bnnC_GGCCTAACTACT_r1.fq.gz	11594
AdapPrim_bnnC_GGCCTAACTACT_r2.fq.gz	11594
AdapPrim_bnnC_GGTCGGTGTTGT_r1.fq.gz	14675
AdapPrim_bnnC_GGTCGGTGTTGT_r2.fq.gz	14675
AdapPrim_bnnC_GGTTATCTGCGG_r1.fq.gz	23146
AdapPrim_bnnC_GGTTATCTGCGG_r2.fq.gz	23146
AdapPrim_bnnC_GTACTGGTGTTA_r1.fq.gz	21177
AdapPrim_bnnC_GTACTGGTGTTA_r2.fq.gz	21177
AdapPrim_bnnC_GTAGTAGTGACG_r1.fq.gz	27615
AdapPrim_bnnC_GTAGTAGTGACG_r2.fq.gz	27615
AdapPrim_bnnC_GTATTCGCGCCA_r1.fq.gz	20442
AdapPrim_bnnC_GTATTCGCGCCA_r2.fq.gz	20442
AdapPrim_bnnC_GTGAACCGTTCG_r1.fq.gz	21575
AdapPrim_bnnC_GTGAACCGTTCG_r2.fq.gz	21575
AdapPrim_bnnC_TAACACCGGTCG_r1.fq.gz	18668
AdapPrim_bnnC_TAACACCGGTCG_r2.fq.gz	18668
AdapPrim_bnnC_TCAGAACTACGA_r1.fq.gz	19561
AdapPrim_bnnC_TCAGAACTACGA_r2.fq.gz	19561
AdapPrim_bnnC_TGAAGGAGCCGA_r1.fq.gz	28697
AdapPrim_bnnC_TGAAGGAGCCGA_r2.fq.gz	28697
AdapPrim_bseA_AACGCCAGCGAA_r1.fq.gz	11415
AdapPrim_bseA_AACGCCAGCGAA_r2.fq.gz	11415
AdapPrim_bseA_AATCACCAAGAG_r1.fq.gz	14151
AdapPrim_bseA_AATCACCAAGAG_r2.fq.gz	14151
AdapPrim_bseA_ACCTCAGCGCAA_r1.fq.gz	13558
AdapPrim_bseA_ACCTCAGCGCAA_r2.fq.gz	13558
AdapPrim_bseA_ACGGCGTATTGG_r1.fq.gz	14342
AdapPrim_bseA_ACGGCGTATTGG_r2.fq.gz	14342
AdapPrim_bseA_ACTCACTCCGTG_r1.fq.gz	12159
AdapPrim_bseA_ACTCACTCCGTG_r2.fq.gz	12159
AdapPrim_bseA_CCATCTCAGCGA_r1.fq.gz	11736
AdapPrim_bseA_CCATCTCAGCGA_r2.fq.gz	11736
AdapPrim_bseA_CCGCTTGAGGTA_r1.fq.gz	8846
AdapPrim_bseA_CCGCTTGAGGTA_r2.fq.gz	8846
AdapPrim_bseA_CGATTGTTACGT_r1.fq.gz	8769
AdapPrim_bseA_CGATTGTTACGT_r2.fq.gz	8769
AdapPrim_bseA_CGTCTCAGACAA_r1.fq.gz	14254
AdapPrim_bseA_CGTCTCAGACAA_r2.fq.gz	14254
AdapPrim_bseA_CTCTGGCTATTG_r1.fq.gz	13659
AdapPrim_bseA_CTCTGGCTATTG_r2.fq.gz	13659
AdapPrim_bseA_GAGGATCCGTTG_r1.fq.gz	12238
AdapPrim_bseA_GAGGATCCGTTG_r2.fq.gz	12238
AdapPrim_bseA_GATACGCCAGAA_r1.fq.gz	15111
AdapPrim_bseA_GATACGCCAGAA_r2.fq.gz	15111
AdapPrim_bseA_GCGTAAGAGATG_r1.fq.gz	10923
AdapPrim_bseA_GCGTAAGAGATG_r2.fq.gz	10923
AdapPrim_bseA_GGAGAAGAAGAA_r1.fq.gz	12974
AdapPrim_bseA_GGAGAAGAAGAA_r2.fq.gz	12974
AdapPrim_bseA_GGCCTAACTACT_r1.fq.gz	8411
AdapPrim_bseA_GGCCTAACTACT_r2.fq.gz	8411
AdapPrim_bseA_GGTCGGTGTTGT_r1.fq.gz	10268
AdapPrim_bseA_GGTCGGTGTTGT_r2.fq.gz	10268
AdapPrim_bseA_GGTTATCTGCGG_r1.fq.gz	16277
AdapPrim_bseA_GGTTATCTGCGG_r2.fq.gz	16277
AdapPrim_bseA_GTACTGGTGTTA_r1.fq.gz	15164
AdapPrim_bseA_GTACTGGTGTTA_r2.fq.gz	15164
AdapPrim_bseA_GTAGTAGTGACG_r1.fq.gz	19806
AdapPrim_bseA_GTAGTAGTGACG_r2.fq.gz	19806
AdapPrim_bseA_GTATTCGCGCCA_r1.fq.gz	14189
AdapPrim_bseA_GTATTCGCGCCA_r2.fq.gz	14189
AdapPrim_bseA_GTGAACCGTTCG_r1.fq.gz	14997
AdapPrim_bseA_GTGAACCGTTCG_r2.fq.gz	14997
AdapPrim_bseA_TAACACCGGTCG_r1.fq.gz	12999
AdapPrim_bseA_TAACACCGGTCG_r2.fq.gz	12999
AdapPrim_bseA_TCAGAACTACGA_r1.fq.gz	13763
AdapPrim_bseA_TCAGAACTACGA_r2.fq.gz	13763
AdapPrim_bseA_TGAAGGAGCCGA_r1.fq.gz	20510
AdapPrim_bseA_TGAAGGAGCCGA_r2.fq.gz	20510
AdapPrim_bseB_AACGCCAGCGAA_r1.fq.gz	13854
AdapPrim_bseB_AACGCCAGCGAA_r2.fq.gz	13854
AdapPrim_bseB_AATCACCAAGAG_r1.fq.gz	17154
AdapPrim_bseB_AATCACCAAGAG_r2.fq.gz	17154
AdapPrim_bseB_ACCTCAGCGCAA_r1.fq.gz	16388
AdapPrim_bseB_ACCTCAGCGCAA_r2.fq.gz	16388
AdapPrim_bseB_ACGGCGTATTGG_r1.fq.gz	17900
AdapPrim_bseB_ACGGCGTATTGG_r2.fq.gz	17900
AdapPrim_bseB_ACTCACTCCGTG_r1.fq.gz	14943
AdapPrim_bseB_ACTCACTCCGTG_r2.fq.gz	14943
AdapPrim_bseB_CCATCTCAGCGA_r1.fq.gz	14008
AdapPrim_bseB_CCATCTCAGCGA_r2.fq.gz	14008
AdapPrim_bseB_CCGCTTGAGGTA_r1.fq.gz	10592
AdapPrim_bseB_CCGCTTGAGGTA_r2.fq.gz	10592
AdapPrim_bseB_CGATTGTTACGT_r1.fq.gz	10797
AdapPrim_bseB_CGATTGTTACGT_r2.fq.gz	10797
AdapPrim_bseB_CGTCTCAGACAA_r1.fq.gz	17138
AdapPrim_bseB_CGTCTCAGACAA_r2.fq.gz	17138
AdapPrim_bseB_CTCTGGCTATTG_r1.fq.gz	16517
AdapPrim_bseB_CTCTGGCTATTG_r2.fq.gz	16517
AdapPrim_bseB_GAGGATCCGTTG_r1.fq.gz	14862
AdapPrim_bseB_GAGGATCCGTTG_r2.fq.gz	14862
AdapPrim_bseB_GATACGCCAGAA_r1.fq.gz	18654
AdapPrim_bseB_GATACGCCAGAA_r2.fq.gz	18654
AdapPrim_bseB_GCGTAAGAGATG_r1.fq.gz	13211
AdapPrim_bseB_GCGTAAGAGATG_r2.fq.gz	13211
AdapPrim_bseB_GGAGAAGAAGAA_r1.fq.gz	15985
AdapPrim_bseB_GGAGAAGAAGAA_r2.fq.gz	15985
AdapPrim_bseB_GGCCTAACTACT_r1.fq.gz	10153
AdapPrim_bseB_GGCCTAACTACT_r2.fq.gz	10153
AdapPrim_bseB_GGTCGGTGTTGT_r1.fq.gz	12541
AdapPrim_bseB_GGTCGGTGTTGT_r2.fq.gz	12541
AdapPrim_bseB_GGTTATCTGCGG_r1.fq.gz	20318
AdapPrim_bseB_GGTTATCTGCGG_r2.fq.gz	20318
AdapPrim_bseB_GTACTGGTGTTA_r1.fq.gz	18427
AdapPrim_bseB_GTACTGGTGTTA_r2.fq.gz	18427
AdapPrim_bseB_GTAGTAGTGACG_r1.fq.gz	24140
AdapPrim_bseB_GTAGTAGTGACG_r2.fq.gz	24140
AdapPrim_bseB_GTATTCGCGCCA_r1.fq.gz	17738
AdapPrim_bseB_GTATTCGCGCCA_r2.fq.gz	17738
AdapPrim_bseB_GTGAACCGTTCG_r1.fq.gz	18348
AdapPrim_bseB_GTGAACCGTTCG_r2.fq.gz	18348
AdapPrim_bseB_TAACACCGGTCG_r1.fq.gz	16040
AdapPrim_bseB_TAACACCGGTCG_r2.fq.gz	16040
AdapPrim_bseB_TCAGAACTACGA_r1.fq.gz	16985
AdapPrim_bseB_TCAGAACTACGA_r2.fq.gz	16985
AdapPrim_bseB_TGAAGGAGCCGA_r1.fq.gz	24625
AdapPrim_bseB_TGAAGGAGCCGA_r2.fq.gz	24625
AdapPrim_bseC_AACGCCAGCGAA_r1.fq.gz	10341
AdapPrim_bseC_AACGCCAGCGAA_r2.fq.gz	10341
AdapPrim_bseC_AATCACCAAGAG_r1.fq.gz	12418
AdapPrim_bseC_AATCACCAAGAG_r2.fq.gz	12418
AdapPrim_bseC_ACCTCAGCGCAA_r1.fq.gz	12131
AdapPrim_bseC_ACCTCAGCGCAA_r2.fq.gz	12131
AdapPrim_bseC_ACGGCGTATTGG_r1.fq.gz	12843
AdapPrim_bseC_ACGGCGTATTGG_r2.fq.gz	12843
AdapPrim_bseC_ACTCACTCCGTG_r1.fq.gz	10996
AdapPrim_bseC_ACTCACTCCGTG_r2.fq.gz	10996
AdapPrim_bseC_CCATCTCAGCGA_r1.fq.gz	10331
AdapPrim_bseC_CCATCTCAGCGA_r2.fq.gz	10331
AdapPrim_bseC_CCGCTTGAGGTA_r1.fq.gz	7765
AdapPrim_bseC_CCGCTTGAGGTA_r2.fq.gz	7765
AdapPrim_bseC_CGATTGTTACGT_r1.fq.gz	8071
AdapPrim_bseC_CGATTGTTACGT_r2.fq.gz	8071
AdapPrim_bseC_CGTCTCAGACAA_r1.fq.gz	12844
AdapPrim_bseC_CGTCTCAGACAA_r2.fq.gz	12844
AdapPrim_bseC_CTCTGGCTATTG_r1.fq.gz	12027
AdapPrim_bseC_CTCTGGCTATTG_r2.fq.gz	12027
AdapPrim_bseC_GAGGATCCGTTG_r1.fq.gz	11064
AdapPrim_bseC_GAGGATCCGTTG_r2.fq.gz	11064
AdapPrim_bseC_GATACGCCAGAA_r1.fq.gz	13617
AdapPrim_bseC_GATACGCCAGAA_r2.fq.gz	13617
AdapPrim_bseC_GCGTAAGAGATG_r1.fq.gz	9748
AdapPrim_bseC_GCGTAAGAGATG_r2.fq.gz	9748
AdapPrim_bseC_GGAGAAGAAGAA_r1.fq.gz	11857
AdapPrim_bseC_GGAGAAGAAGAA_r2.fq.gz	11857
AdapPrim_bseC_GGCCTAACTACT_r1.fq.gz	7552
AdapPrim_bseC_GGCCTAACTACT_r2.fq.gz	7552
AdapPrim_bseC_GGTCGGTGTTGT_r1.fq.gz	9338
AdapPrim_bseC_GGTCGGTGTTGT_r2.fq.gz	9338
AdapPrim_bseC_GGTTATCTGCGG_r1.fq.gz	14736
AdapPrim_bseC_GGTTATCTGCGG_r2.fq.gz	14736
AdapPrim_bseC_GTACTGGTGTTA_r1.fq.gz	13610
AdapPrim_bseC_GTACTGGTGTTA_r2.fq.gz	13610
AdapPrim_bseC_GTAGTAGTGACG_r1.fq.gz	17864
AdapPrim_bseC_GTAGTAGTGACG_r2.fq.gz	17864
AdapPrim_bseC_GTATTCGCGCCA_r1.fq.gz	13128
AdapPrim_bseC_GTATTCGCGCCA_r2.fq.gz	13128
AdapPrim_bseC_GTGAACCGTTCG_r1.fq.gz	13826
AdapPrim_bseC_GTGAACCGTTCG_r2.fq.gz	13826
AdapPrim_bseC_TAACACCGGTCG_r1.fq.gz	11787
AdapPrim_bseC_TAACACCGGTCG_r2.fq.gz	11787
AdapPrim_bseC_TCAGAACTACGA_r1.fq.gz	12551
AdapPrim_bseC_TCAGAACTACGA_r2.fq.gz	12551
AdapPrim_bseC_TGAAGGAGCCGA_r1.fq.gz	18362
AdapPrim_bseC_TGAAGGAGCCGA_r2.fq.gz	18362
AdapPrim_bsnA_AACGCCAGCGAA_r1.fq.gz	5944
AdapPrim_bsnA_AACGCCAGCGAA_r2.fq.gz	5944
AdapPrim_bsnA_AATCACCAAGAG_r1.fq.gz	7031
AdapPrim_bsnA_AATCACCAAGAG_r2.fq.gz	7031
AdapPrim_bsnA_ACCTCAGCGCAA_r1.fq.gz	7117
AdapPrim_bsnA_ACCTCAGCGCAA_r2.fq.gz	7117
AdapPrim_bsnA_ACGGCGTATTGG_r1.fq.gz	7376
AdapPrim_bsnA_ACGGCGTATTGG_r2.fq.gz	7376
AdapPrim_bsnA_ACTCACTCCGTG_r1.fq.gz	6413
AdapPrim_bsnA_ACTCACTCCGTG_r2.fq.gz	6413
AdapPrim_bsnA_CCATCTCAGCGA_r1.fq.gz	6020
AdapPrim_bsnA_CCATCTCAGCGA_r2.fq.gz	6020
AdapPrim_bsnA_CCGCTTGAGGTA_r1.fq.gz	4532
AdapPrim_bsnA_CCGCTTGAGGTA_r2.fq.gz	4532
AdapPrim_bsnA_CGATTGTTACGT_r1.fq.gz	4491
AdapPrim_bsnA_CGATTGTTACGT_r2.fq.gz	4491
AdapPrim_bsnA_CGTCTCAGACAA_r1.fq.gz	7231
AdapPrim_bsnA_CGTCTCAGACAA_r2.fq.gz	7231
AdapPrim_bsnA_CTCTGGCTATTG_r1.fq.gz	7172
AdapPrim_bsnA_CTCTGGCTATTG_r2.fq.gz	7172
AdapPrim_bsnA_GAGGATCCGTTG_r1.fq.gz	6364
AdapPrim_bsnA_GAGGATCCGTTG_r2.fq.gz	6364
AdapPrim_bsnA_GATACGCCAGAA_r1.fq.gz	8109
AdapPrim_bsnA_GATACGCCAGAA_r2.fq.gz	8109
AdapPrim_bsnA_GCGTAAGAGATG_r1.fq.gz	5510
AdapPrim_bsnA_GCGTAAGAGATG_r2.fq.gz	5510
AdapPrim_bsnA_GGAGAAGAAGAA_r1.fq.gz	6690
AdapPrim_bsnA_GGAGAAGAAGAA_r2.fq.gz	6690
AdapPrim_bsnA_GGCCTAACTACT_r1.fq.gz	4280
AdapPrim_bsnA_GGCCTAACTACT_r2.fq.gz	4280
AdapPrim_bsnA_GGTCGGTGTTGT_r1.fq.gz	5521
AdapPrim_bsnA_GGTCGGTGTTGT_r2.fq.gz	5521
AdapPrim_bsnA_GGTTATCTGCGG_r1.fq.gz	8681
AdapPrim_bsnA_GGTTATCTGCGG_r2.fq.gz	8681
AdapPrim_bsnA_GTACTGGTGTTA_r1.fq.gz	7839
AdapPrim_bsnA_GTACTGGTGTTA_r2.fq.gz	7839
AdapPrim_bsnA_GTAGTAGTGACG_r1.fq.gz	10345
AdapPrim_bsnA_GTAGTAGTGACG_r2.fq.gz	10345
AdapPrim_bsnA_GTATTCGCGCCA_r1.fq.gz	7536
AdapPrim_bsnA_GTATTCGCGCCA_r2.fq.gz	7536
AdapPrim_bsnA_GTGAACCGTTCG_r1.fq.gz	7651
AdapPrim_bsnA_GTGAACCGTTCG_r2.fq.gz	7651
AdapPrim_bsnA_TAACACCGGTCG_r1.fq.gz	6625
AdapPrim_bsnA_TAACACCGGTCG_r2.fq.gz	6625
AdapPrim_bsnA_TCAGAACTACGA_r1.fq.gz	7257
AdapPrim_bsnA_TCAGAACTACGA_r2.fq.gz	7257
AdapPrim_bsnA_TGAAGGAGCCGA_r1.fq.gz	10456
AdapPrim_bsnA_TGAAGGAGCCGA_r2.fq.gz	10456
AdapPrim_bsnB_AACGCCAGCGAA_r1.fq.gz	12219
AdapPrim_bsnB_AACGCCAGCGAA_r2.fq.gz	12219
AdapPrim_bsnB_AATCACCAAGAG_r1.fq.gz	15112
AdapPrim_bsnB_AATCACCAAGAG_r2.fq.gz	15112
AdapPrim_bsnB_ACCTCAGCGCAA_r1.fq.gz	14340
AdapPrim_bsnB_ACCTCAGCGCAA_r2.fq.gz	14340
AdapPrim_bsnB_ACGGCGTATTGG_r1.fq.gz	15709
AdapPrim_bsnB_ACGGCGTATTGG_r2.fq.gz	15709
AdapPrim_bsnB_ACTCACTCCGTG_r1.fq.gz	13035
AdapPrim_bsnB_ACTCACTCCGTG_r2.fq.gz	13035
AdapPrim_bsnB_CCATCTCAGCGA_r1.fq.gz	12470
AdapPrim_bsnB_CCATCTCAGCGA_r2.fq.gz	12470
AdapPrim_bsnB_CCGCTTGAGGTA_r1.fq.gz	9339
AdapPrim_bsnB_CCGCTTGAGGTA_r2.fq.gz	9339
AdapPrim_bsnB_CGATTGTTACGT_r1.fq.gz	9416
AdapPrim_bsnB_CGATTGTTACGT_r2.fq.gz	9416
AdapPrim_bsnB_CGTCTCAGACAA_r1.fq.gz	15206
AdapPrim_bsnB_CGTCTCAGACAA_r2.fq.gz	15206
AdapPrim_bsnB_CTCTGGCTATTG_r1.fq.gz	14690
AdapPrim_bsnB_CTCTGGCTATTG_r2.fq.gz	14690
AdapPrim_bsnB_GAGGATCCGTTG_r1.fq.gz	12923
AdapPrim_bsnB_GAGGATCCGTTG_r2.fq.gz	12923
AdapPrim_bsnB_GATACGCCAGAA_r1.fq.gz	16411
AdapPrim_bsnB_GATACGCCAGAA_r2.fq.gz	16411
AdapPrim_bsnB_GCGTAAGAGATG_r1.fq.gz	11553
AdapPrim_bsnB_GCGTAAGAGATG_r2.fq.gz	11553
AdapPrim_bsnB_GGAGAAGAAGAA_r1.fq.gz	14007
AdapPrim_bsnB_GGAGAAGAAGAA_r2.fq.gz	14007
AdapPrim_bsnB_GGCCTAACTACT_r1.fq.gz	8696
AdapPrim_bsnB_GGCCTAACTACT_r2.fq.gz	8696
AdapPrim_bsnB_GGTCGGTGTTGT_r1.fq.gz	10941
AdapPrim_bsnB_GGTCGGTGTTGT_r2.fq.gz	10941
AdapPrim_bsnB_GGTTATCTGCGG_r1.fq.gz	17663
AdapPrim_bsnB_GGTTATCTGCGG_r2.fq.gz	17663
AdapPrim_bsnB_GTACTGGTGTTA_r1.fq.gz	16382
AdapPrim_bsnB_GTACTGGTGTTA_r2.fq.gz	16382
AdapPrim_bsnB_GTAGTAGTGACG_r1.fq.gz	21047
AdapPrim_bsnB_GTAGTAGTGACG_r2.fq.gz	21047
AdapPrim_bsnB_GTATTCGCGCCA_r1.fq.gz	15463
AdapPrim_bsnB_GTATTCGCGCCA_r2.fq.gz	15463
AdapPrim_bsnB_GTGAACCGTTCG_r1.fq.gz	16242
AdapPrim_bsnB_GTGAACCGTTCG_r2.fq.gz	16242
AdapPrim_bsnB_TAACACCGGTCG_r1.fq.gz	14268
AdapPrim_bsnB_TAACACCGGTCG_r2.fq.gz	14268
AdapPrim_bsnB_TCAGAACTACGA_r1.fq.gz	15050
AdapPrim_bsnB_TCAGAACTACGA_r2.fq.gz	15050
AdapPrim_bsnB_TGAAGGAGCCGA_r1.fq.gz	21585
AdapPrim_bsnB_TGAAGGAGCCGA_r2.fq.gz	21585
AdapPrim_bsnC_AACGCCAGCGAA_r1.fq.gz	9550
AdapPrim_bsnC_AACGCCAGCGAA_r2.fq.gz	9550
AdapPrim_bsnC_AATCACCAAGAG_r1.fq.gz	12029
AdapPrim_bsnC_AATCACCAAGAG_r2.fq.gz	12029
AdapPrim_bsnC_ACCTCAGCGCAA_r1.fq.gz	11350
AdapPrim_bsnC_ACCTCAGCGCAA_r2.fq.gz	11350
AdapPrim_bsnC_ACGGCGTATTGG_r1.fq.gz	12374
AdapPrim_bsnC_ACGGCGTATTGG_r2.fq.gz	12374
AdapPrim_bsnC_ACTCACTCCGTG_r1.fq.gz	10625
AdapPrim_bsnC_ACTCACTCCGTG_r2.fq.gz	10625
AdapPrim_bsnC_CCATCTCAGCGA_r1.fq.gz	9797
AdapPrim_bsnC_CCATCTCAGCGA_r2.fq.gz	9797
AdapPrim_bsnC_CCGCTTGAGGTA_r1.fq.gz	7608
AdapPrim_bsnC_CCGCTTGAGGTA_r2.fq.gz	7608
AdapPrim_bsnC_CGATTGTTACGT_r1.fq.gz	7484
AdapPrim_bsnC_CGATTGTTACGT_r2.fq.gz	7484
AdapPrim_bsnC_CGTCTCAGACAA_r1.fq.gz	12030
AdapPrim_bsnC_CGTCTCAGACAA_r2.fq.gz	12030
AdapPrim_bsnC_CTCTGGCTATTG_r1.fq.gz	11381
AdapPrim_bsnC_CTCTGGCTATTG_r2.fq.gz	11381
AdapPrim_bsnC_GAGGATCCGTTG_r1.fq.gz	10527
AdapPrim_bsnC_GAGGATCCGTTG_r2.fq.gz	10527
AdapPrim_bsnC_GATACGCCAGAA_r1.fq.gz	13146
AdapPrim_bsnC_GATACGCCAGAA_r2.fq.gz	13146
AdapPrim_bsnC_GCGTAAGAGATG_r1.fq.gz	9296
AdapPrim_bsnC_GCGTAAGAGATG_r2.fq.gz	9296
AdapPrim_bsnC_GGAGAAGAAGAA_r1.fq.gz	11284
AdapPrim_bsnC_GGAGAAGAAGAA_r2.fq.gz	11284
AdapPrim_bsnC_GGCCTAACTACT_r1.fq.gz	7027
AdapPrim_bsnC_GGCCTAACTACT_r2.fq.gz	7027
AdapPrim_bsnC_GGTCGGTGTTGT_r1.fq.gz	8762
AdapPrim_bsnC_GGTCGGTGTTGT_r2.fq.gz	8762
AdapPrim_bsnC_GGTTATCTGCGG_r1.fq.gz	14054
AdapPrim_bsnC_GGTTATCTGCGG_r2.fq.gz	14054
AdapPrim_bsnC_GTACTGGTGTTA_r1.fq.gz	12868
AdapPrim_bsnC_GTACTGGTGTTA_r2.fq.gz	12868
AdapPrim_bsnC_GTAGTAGTGACG_r1.fq.gz	17084
AdapPrim_bsnC_GTAGTAGTGACG_r2.fq.gz	17084
AdapPrim_bsnC_GTATTCGCGCCA_r1.fq.gz	12332
AdapPrim_bsnC_GTATTCGCGCCA_r2.fq.gz	12332
AdapPrim_bsnC_GTGAACCGTTCG_r1.fq.gz	13018
AdapPrim_bsnC_GTGAACCGTTCG_r2.fq.gz	13018
AdapPrim_bsnC_TAACACCGGTCG_r1.fq.gz	11251
AdapPrim_bsnC_TAACACCGGTCG_r2.fq.gz	11251
AdapPrim_bsnC_TCAGAACTACGA_r1.fq.gz	12003
AdapPrim_bsnC_TCAGAACTACGA_r2.fq.gz	12003
AdapPrim_bsnC_TGAAGGAGCCGA_r1.fq.gz	17424
AdapPrim_bsnC_TGAAGGAGCCGA_r2.fq.gz	17424
AdapPrim_mneA_AACGCCAGCGAA_r1.fq.gz	13970
AdapPrim_mneA_AACGCCAGCGAA_r2.fq.gz	13970
AdapPrim_mneA_AATCACCAAGAG_r1.fq.gz	17466
AdapPrim_mneA_AATCACCAAGAG_r2.fq.gz	17466
AdapPrim_mneA_ACCTCAGCGCAA_r1.fq.gz	16639
AdapPrim_mneA_ACCTCAGCGCAA_r2.fq.gz	16639
AdapPrim_mneA_ACGGCGTATTGG_r1.fq.gz	18222
AdapPrim_mneA_ACGGCGTATTGG_r2.fq.gz	18222
AdapPrim_mneA_ACTCACTCCGTG_r1.fq.gz	15421
AdapPrim_mneA_ACTCACTCCGTG_r2.fq.gz	15421
AdapPrim_mneA_CCATCTCAGCGA_r1.fq.gz	14628
AdapPrim_mneA_CCATCTCAGCGA_r2.fq.gz	14628
AdapPrim_mneA_CCGCTTGAGGTA_r1.fq.gz	10931
AdapPrim_mneA_CCGCTTGAGGTA_r2.fq.gz	10931
AdapPrim_mneA_CGATTGTTACGT_r1.fq.gz	11027
AdapPrim_mneA_CGATTGTTACGT_r2.fq.gz	11027
AdapPrim_mneA_CGTCTCAGACAA_r1.fq.gz	17737
AdapPrim_mneA_CGTCTCAGACAA_r2.fq.gz	17737
AdapPrim_mneA_CTCTGGCTATTG_r1.fq.gz	16957
AdapPrim_mneA_CTCTGGCTATTG_r2.fq.gz	16957
AdapPrim_mneA_GAGGATCCGTTG_r1.fq.gz	15302
AdapPrim_mneA_GAGGATCCGTTG_r2.fq.gz	15302
AdapPrim_mneA_GATACGCCAGAA_r1.fq.gz	19125
AdapPrim_mneA_GATACGCCAGAA_r2.fq.gz	19125
AdapPrim_mneA_GCGTAAGAGATG_r1.fq.gz	13412
AdapPrim_mneA_GCGTAAGAGATG_r2.fq.gz	13412
AdapPrim_mneA_GGAGAAGAAGAA_r1.fq.gz	16014
AdapPrim_mneA_GGAGAAGAAGAA_r2.fq.gz	16014
AdapPrim_mneA_GGCCTAACTACT_r1.fq.gz	10336
AdapPrim_mneA_GGCCTAACTACT_r2.fq.gz	10336
AdapPrim_mneA_GGTCGGTGTTGT_r1.fq.gz	13034
AdapPrim_mneA_GGTCGGTGTTGT_r2.fq.gz	13034
AdapPrim_mneA_GGTTATCTGCGG_r1.fq.gz	20526
AdapPrim_mneA_GGTTATCTGCGG_r2.fq.gz	20526
AdapPrim_mneA_GTACTGGTGTTA_r1.fq.gz	19100
AdapPrim_mneA_GTACTGGTGTTA_r2.fq.gz	19100
AdapPrim_mneA_GTAGTAGTGACG_r1.fq.gz	25113
AdapPrim_mneA_GTAGTAGTGACG_r2.fq.gz	25113
AdapPrim_mneA_GTATTCGCGCCA_r1.fq.gz	18012
AdapPrim_mneA_GTATTCGCGCCA_r2.fq.gz	18012
AdapPrim_mneA_GTGAACCGTTCG_r1.fq.gz	18808
AdapPrim_mneA_GTGAACCGTTCG_r2.fq.gz	18808
AdapPrim_mneA_TAACACCGGTCG_r1.fq.gz	16504
AdapPrim_mneA_TAACACCGGTCG_r2.fq.gz	16504
AdapPrim_mneA_TCAGAACTACGA_r1.fq.gz	17249
AdapPrim_mneA_TCAGAACTACGA_r2.fq.gz	17249
AdapPrim_mneA_TGAAGGAGCCGA_r1.fq.gz	25394
AdapPrim_mneA_TGAAGGAGCCGA_r2.fq.gz	25394
AdapPrim_mneB_AACGCCAGCGAA_r1.fq.gz	22204
AdapPrim_mneB_AACGCCAGCGAA_r2.fq.gz	22204
AdapPrim_mneB_AATCACCAAGAG_r1.fq.gz	27420
AdapPrim_mneB_AATCACCAAGAG_r2.fq.gz	27420
AdapPrim_mneB_ACCTCAGCGCAA_r1.fq.gz	26436
AdapPrim_mneB_ACCTCAGCGCAA_r2.fq.gz	26436
AdapPrim_mneB_ACGGCGTATTGG_r1.fq.gz	28763
AdapPrim_mneB_ACGGCGTATTGG_r2.fq.gz	28763
AdapPrim_mneB_ACTCACTCCGTG_r1.fq.gz	24086
AdapPrim_mneB_ACTCACTCCGTG_r2.fq.gz	24086
AdapPrim_mneB_CCATCTCAGCGA_r1.fq.gz	22933
AdapPrim_mneB_CCATCTCAGCGA_r2.fq.gz	22933
AdapPrim_mneB_CCGCTTGAGGTA_r1.fq.gz	16995
AdapPrim_mneB_CCGCTTGAGGTA_r2.fq.gz	16995
AdapPrim_mneB_CGATTGTTACGT_r1.fq.gz	17405
AdapPrim_mneB_CGATTGTTACGT_r2.fq.gz	17405
AdapPrim_mneB_CGTCTCAGACAA_r1.fq.gz	27638
AdapPrim_mneB_CGTCTCAGACAA_r2.fq.gz	27638
AdapPrim_mneB_CTCTGGCTATTG_r1.fq.gz	26365
AdapPrim_mneB_CTCTGGCTATTG_r2.fq.gz	26365
AdapPrim_mneB_GAGGATCCGTTG_r1.fq.gz	24354
AdapPrim_mneB_GAGGATCCGTTG_r2.fq.gz	24354
AdapPrim_mneB_GATACGCCAGAA_r1.fq.gz	30556
AdapPrim_mneB_GATACGCCAGAA_r2.fq.gz	30556
AdapPrim_mneB_GCGTAAGAGATG_r1.fq.gz	21357
AdapPrim_mneB_GCGTAAGAGATG_r2.fq.gz	21357
AdapPrim_mneB_GGAGAAGAAGAA_r1.fq.gz	25888
AdapPrim_mneB_GGAGAAGAAGAA_r2.fq.gz	25888
AdapPrim_mneB_GGCCTAACTACT_r1.fq.gz	16339
AdapPrim_mneB_GGCCTAACTACT_r2.fq.gz	16339
AdapPrim_mneB_GGTCGGTGTTGT_r1.fq.gz	20285
AdapPrim_mneB_GGTCGGTGTTGT_r2.fq.gz	20285
AdapPrim_mneB_GGTTATCTGCGG_r1.fq.gz	32083
AdapPrim_mneB_GGTTATCTGCGG_r2.fq.gz	32083
AdapPrim_mneB_GTACTGGTGTTA_r1.fq.gz	29654
AdapPrim_mneB_GTACTGGTGTTA_r2.fq.gz	29654
AdapPrim_mneB_GTAGTAGTGACG_r1.fq.gz	38634
AdapPrim_mneB_GTAGTAGTGACG_r2.fq.gz	38634
AdapPrim_mneB_GTATTCGCGCCA_r1.fq.gz	28232
AdapPrim_mneB_GTATTCGCGCCA_r2.fq.gz	28232
AdapPrim_mneB_GTGAACCGTTCG_r1.fq.gz	29868
AdapPrim_mneB_GTGAACCGTTCG_r2.fq.gz	29868
AdapPrim_mneB_TAACACCGGTCG_r1.fq.gz	25410
AdapPrim_mneB_TAACACCGGTCG_r2.fq.gz	25410
AdapPrim_mneB_TCAGAACTACGA_r1.fq.gz	27190
AdapPrim_mneB_TCAGAACTACGA_r2.fq.gz	27190
AdapPrim_mneB_TGAAGGAGCCGA_r1.fq.gz	39904
AdapPrim_mneB_TGAAGGAGCCGA_r2.fq.gz	39904
AdapPrim_mneC_AACGCCAGCGAA_r1.fq.gz	21685
AdapPrim_mneC_AACGCCAGCGAA_r2.fq.gz	21685
AdapPrim_mneC_AATCACCAAGAG_r1.fq.gz	26392
AdapPrim_mneC_AATCACCAAGAG_r2.fq.gz	26392
AdapPrim_mneC_ACCTCAGCGCAA_r1.fq.gz	26481
AdapPrim_mneC_ACCTCAGCGCAA_r2.fq.gz	26481
AdapPrim_mneC_ACGGCGTATTGG_r1.fq.gz	27879
AdapPrim_mneC_ACGGCGTATTGG_r2.fq.gz	27879
AdapPrim_mneC_ACTCACTCCGTG_r1.fq.gz	23262
AdapPrim_mneC_ACTCACTCCGTG_r2.fq.gz	23262
AdapPrim_mneC_CCATCTCAGCGA_r1.fq.gz	22550
AdapPrim_mneC_CCATCTCAGCGA_r2.fq.gz	22550
AdapPrim_mneC_CCGCTTGAGGTA_r1.fq.gz	16626
AdapPrim_mneC_CCGCTTGAGGTA_r2.fq.gz	16626
AdapPrim_mneC_CGATTGTTACGT_r1.fq.gz	17279
AdapPrim_mneC_CGATTGTTACGT_r2.fq.gz	17279
AdapPrim_mneC_CGTCTCAGACAA_r1.fq.gz	27336
AdapPrim_mneC_CGTCTCAGACAA_r2.fq.gz	27336
AdapPrim_mneC_CTCTGGCTATTG_r1.fq.gz	26194
AdapPrim_mneC_CTCTGGCTATTG_r2.fq.gz	26194
AdapPrim_mneC_GAGGATCCGTTG_r1.fq.gz	23493
AdapPrim_mneC_GAGGATCCGTTG_r2.fq.gz	23493
AdapPrim_mneC_GATACGCCAGAA_r1.fq.gz	29460
AdapPrim_mneC_GATACGCCAGAA_r2.fq.gz	29460
AdapPrim_mneC_GCGTAAGAGATG_r1.fq.gz	20911
AdapPrim_mneC_GCGTAAGAGATG_r2.fq.gz	20911
AdapPrim_mneC_GGAGAAGAAGAA_r1.fq.gz	25152
AdapPrim_mneC_GGAGAAGAAGAA_r2.fq.gz	25152
AdapPrim_mneC_GGCCTAACTACT_r1.fq.gz	15823
AdapPrim_mneC_GGCCTAACTACT_r2.fq.gz	15823
AdapPrim_mneC_GGTCGGTGTTGT_r1.fq.gz	19636
AdapPrim_mneC_GGTCGGTGTTGT_r2.fq.gz	19636
AdapPrim_mneC_GGTTATCTGCGG_r1.fq.gz	31888
AdapPrim_mneC_GGTTATCTGCGG_r2.fq.gz	31888
AdapPrim_mneC_GTACTGGTGTTA_r1.fq.gz	28789
AdapPrim_mneC_GTACTGGTGTTA_r2.fq.gz	28789
AdapPrim_mneC_GTAGTAGTGACG_r1.fq.gz	38072
AdapPrim_mneC_GTAGTAGTGACG_r2.fq.gz	38072
AdapPrim_mneC_GTATTCGCGCCA_r1.fq.gz	27904
AdapPrim_mneC_GTATTCGCGCCA_r2.fq.gz	27904
AdapPrim_mneC_GTGAACCGTTCG_r1.fq.gz	29034
AdapPrim_mneC_GTGAACCGTTCG_r2.fq.gz	29034
AdapPrim_mneC_TAACACCGGTCG_r1.fq.gz	24994
AdapPrim_mneC_TAACACCGGTCG_r2.fq.gz	24994
AdapPrim_mneC_TCAGAACTACGA_r1.fq.gz	26759
AdapPrim_mneC_TCAGAACTACGA_r2.fq.gz	26759
AdapPrim_mneC_TGAAGGAGCCGA_r1.fq.gz	38999
AdapPrim_mneC_TGAAGGAGCCGA_r2.fq.gz	38999
AdapPrim_mnnA_AACGCCAGCGAA_r1.fq.gz	13220
AdapPrim_mnnA_AACGCCAGCGAA_r2.fq.gz	13220
AdapPrim_mnnA_AATCACCAAGAG_r1.fq.gz	15932
AdapPrim_mnnA_AATCACCAAGAG_r2.fq.gz	15932
AdapPrim_mnnA_ACCTCAGCGCAA_r1.fq.gz	15421
AdapPrim_mnnA_ACCTCAGCGCAA_r2.fq.gz	15421
AdapPrim_mnnA_ACGGCGTATTGG_r1.fq.gz	16940
AdapPrim_mnnA_ACGGCGTATTGG_r2.fq.gz	16940
AdapPrim_mnnA_ACTCACTCCGTG_r1.fq.gz	13842
AdapPrim_mnnA_ACTCACTCCGTG_r2.fq.gz	13842
AdapPrim_mnnA_CCATCTCAGCGA_r1.fq.gz	13448
AdapPrim_mnnA_CCATCTCAGCGA_r2.fq.gz	13448
AdapPrim_mnnA_CCGCTTGAGGTA_r1.fq.gz	9941
AdapPrim_mnnA_CCGCTTGAGGTA_r2.fq.gz	9941
AdapPrim_mnnA_CGATTGTTACGT_r1.fq.gz	10038
AdapPrim_mnnA_CGATTGTTACGT_r2.fq.gz	10038
AdapPrim_mnnA_CGTCTCAGACAA_r1.fq.gz	16567
AdapPrim_mnnA_CGTCTCAGACAA_r2.fq.gz	16567
AdapPrim_mnnA_CTCTGGCTATTG_r1.fq.gz	15823
AdapPrim_mnnA_CTCTGGCTATTG_r2.fq.gz	15823
AdapPrim_mnnA_GAGGATCCGTTG_r1.fq.gz	14220
AdapPrim_mnnA_GAGGATCCGTTG_r2.fq.gz	14220
AdapPrim_mnnA_GATACGCCAGAA_r1.fq.gz	17859
AdapPrim_mnnA_GATACGCCAGAA_r2.fq.gz	17859
AdapPrim_mnnA_GCGTAAGAGATG_r1.fq.gz	12367
AdapPrim_mnnA_GCGTAAGAGATG_r2.fq.gz	12367
AdapPrim_mnnA_GGAGAAGAAGAA_r1.fq.gz	14767
AdapPrim_mnnA_GGAGAAGAAGAA_r2.fq.gz	14767
AdapPrim_mnnA_GGCCTAACTACT_r1.fq.gz	9553
AdapPrim_mnnA_GGCCTAACTACT_r2.fq.gz	9553
AdapPrim_mnnA_GGTCGGTGTTGT_r1.fq.gz	11854
AdapPrim_mnnA_GGTCGGTGTTGT_r2.fq.gz	11854
AdapPrim_mnnA_GGTTATCTGCGG_r1.fq.gz	19126
AdapPrim_mnnA_GGTTATCTGCGG_r2.fq.gz	19126
AdapPrim_mnnA_GTACTGGTGTTA_r1.fq.gz	17572
AdapPrim_mnnA_GTACTGGTGTTA_r2.fq.gz	17572
AdapPrim_mnnA_GTAGTAGTGACG_r1.fq.gz	22610
AdapPrim_mnnA_GTAGTAGTGACG_r2.fq.gz	22610
AdapPrim_mnnA_GTATTCGCGCCA_r1.fq.gz	16612
AdapPrim_mnnA_GTATTCGCGCCA_r2.fq.gz	16612
AdapPrim_mnnA_GTGAACCGTTCG_r1.fq.gz	17506
AdapPrim_mnnA_GTGAACCGTTCG_r2.fq.gz	17506
AdapPrim_mnnA_TAACACCGGTCG_r1.fq.gz	15071
AdapPrim_mnnA_TAACACCGGTCG_r2.fq.gz	15071
AdapPrim_mnnA_TCAGAACTACGA_r1.fq.gz	15877
AdapPrim_mnnA_TCAGAACTACGA_r2.fq.gz	15877
AdapPrim_mnnA_TGAAGGAGCCGA_r1.fq.gz	23544
AdapPrim_mnnA_TGAAGGAGCCGA_r2.fq.gz	23544
AdapPrim_mnnB_AACGCCAGCGAA_r1.fq.gz	13994
AdapPrim_mnnB_AACGCCAGCGAA_r2.fq.gz	13994
AdapPrim_mnnB_AATCACCAAGAG_r1.fq.gz	17460
AdapPrim_mnnB_AATCACCAAGAG_r2.fq.gz	17460
AdapPrim_mnnB_ACCTCAGCGCAA_r1.fq.gz	17236
AdapPrim_mnnB_ACCTCAGCGCAA_r2.fq.gz	17236
AdapPrim_mnnB_ACGGCGTATTGG_r1.fq.gz	18474
AdapPrim_mnnB_ACGGCGTATTGG_r2.fq.gz	18474
AdapPrim_mnnB_ACTCACTCCGTG_r1.fq.gz	15174
AdapPrim_mnnB_ACTCACTCCGTG_r2.fq.gz	15174
AdapPrim_mnnB_CCATCTCAGCGA_r1.fq.gz	14848
AdapPrim_mnnB_CCATCTCAGCGA_r2.fq.gz	14848
AdapPrim_mnnB_CCGCTTGAGGTA_r1.fq.gz	11090
AdapPrim_mnnB_CCGCTTGAGGTA_r2.fq.gz	11090
AdapPrim_mnnB_CGATTGTTACGT_r1.fq.gz	11016
AdapPrim_mnnB_CGATTGTTACGT_r2.fq.gz	11016
AdapPrim_mnnB_CGTCTCAGACAA_r1.fq.gz	17920
AdapPrim_mnnB_CGTCTCAGACAA_r2.fq.gz	17920
AdapPrim_mnnB_CTCTGGCTATTG_r1.fq.gz	16940
AdapPrim_mnnB_CTCTGGCTATTG_r2.fq.gz	16940
AdapPrim_mnnB_GAGGATCCGTTG_r1.fq.gz	15357
AdapPrim_mnnB_GAGGATCCGTTG_r2.fq.gz	15357
AdapPrim_mnnB_GATACGCCAGAA_r1.fq.gz	19296
AdapPrim_mnnB_GATACGCCAGAA_r2.fq.gz	19296
AdapPrim_mnnB_GCGTAAGAGATG_r1.fq.gz	13625
AdapPrim_mnnB_GCGTAAGAGATG_r2.fq.gz	13625
AdapPrim_mnnB_GGAGAAGAAGAA_r1.fq.gz	16548
AdapPrim_mnnB_GGAGAAGAAGAA_r2.fq.gz	16548
AdapPrim_mnnB_GGCCTAACTACT_r1.fq.gz	10517
AdapPrim_mnnB_GGCCTAACTACT_r2.fq.gz	10517
AdapPrim_mnnB_GGTCGGTGTTGT_r1.fq.gz	12646
AdapPrim_mnnB_GGTCGGTGTTGT_r2.fq.gz	12646
AdapPrim_mnnB_GGTTATCTGCGG_r1.fq.gz	20863
AdapPrim_mnnB_GGTTATCTGCGG_r2.fq.gz	20863
AdapPrim_mnnB_GTACTGGTGTTA_r1.fq.gz	18884
AdapPrim_mnnB_GTACTGGTGTTA_r2.fq.gz	18884
AdapPrim_mnnB_GTAGTAGTGACG_r1.fq.gz	24650
AdapPrim_mnnB_GTAGTAGTGACG_r2.fq.gz	24650
AdapPrim_mnnB_GTATTCGCGCCA_r1.fq.gz	18247
AdapPrim_mnnB_GTATTCGCGCCA_r2.fq.gz	18247
AdapPrim_mnnB_GTGAACCGTTCG_r1.fq.gz	19098
AdapPrim_mnnB_GTGAACCGTTCG_r2.fq.gz	19098
AdapPrim_mnnB_TAACACCGGTCG_r1.fq.gz	16712
AdapPrim_mnnB_TAACACCGGTCG_r2.fq.gz	16712
AdapPrim_mnnB_TCAGAACTACGA_r1.fq.gz	17600
AdapPrim_mnnB_TCAGAACTACGA_r2.fq.gz	17600
AdapPrim_mnnB_TGAAGGAGCCGA_r1.fq.gz	25462
AdapPrim_mnnB_TGAAGGAGCCGA_r2.fq.gz	25462
AdapPrim_mnnC_AACGCCAGCGAA_r1.fq.gz	18999
AdapPrim_mnnC_AACGCCAGCGAA_r2.fq.gz	18999
AdapPrim_mnnC_AATCACCAAGAG_r1.fq.gz	23445
AdapPrim_mnnC_AATCACCAAGAG_r2.fq.gz	23445
AdapPrim_mnnC_ACCTCAGCGCAA_r1.fq.gz	23307
AdapPrim_mnnC_ACCTCAGCGCAA_r2.fq.gz	23307
AdapPrim_mnnC_ACGGCGTATTGG_r1.fq.gz	24236
AdapPrim_mnnC_ACGGCGTATTGG_r2.fq.gz	24236
AdapPrim_mnnC_ACTCACTCCGTG_r1.fq.gz	20296
AdapPrim_mnnC_ACTCACTCCGTG_r2.fq.gz	20296
AdapPrim_mnnC_CCATCTCAGCGA_r1.fq.gz	19878
AdapPrim_mnnC_CCATCTCAGCGA_r2.fq.gz	19878
AdapPrim_mnnC_CCGCTTGAGGTA_r1.fq.gz	14828
AdapPrim_mnnC_CCGCTTGAGGTA_r2.fq.gz	14828
AdapPrim_mnnC_CGATTGTTACGT_r1.fq.gz	14756
AdapPrim_mnnC_CGATTGTTACGT_r2.fq.gz	14756
AdapPrim_mnnC_CGTCTCAGACAA_r1.fq.gz	23764
AdapPrim_mnnC_CGTCTCAGACAA_r2.fq.gz	23764
AdapPrim_mnnC_CTCTGGCTATTG_r1.fq.gz	23011
AdapPrim_mnnC_CTCTGGCTATTG_r2.fq.gz	23011
AdapPrim_mnnC_GAGGATCCGTTG_r1.fq.gz	20397
AdapPrim_mnnC_GAGGATCCGTTG_r2.fq.gz	20397
AdapPrim_mnnC_GATACGCCAGAA_r1.fq.gz	25872
AdapPrim_mnnC_GATACGCCAGAA_r2.fq.gz	25872
AdapPrim_mnnC_GCGTAAGAGATG_r1.fq.gz	18248
AdapPrim_mnnC_GCGTAAGAGATG_r2.fq.gz	18248
AdapPrim_mnnC_GGAGAAGAAGAA_r1.fq.gz	21803
AdapPrim_mnnC_GGAGAAGAAGAA_r2.fq.gz	21803
AdapPrim_mnnC_GGCCTAACTACT_r1.fq.gz	13826
AdapPrim_mnnC_GGCCTAACTACT_r2.fq.gz	13826
AdapPrim_mnnC_GGTCGGTGTTGT_r1.fq.gz	17154
AdapPrim_mnnC_GGTCGGTGTTGT_r2.fq.gz	17154
AdapPrim_mnnC_GGTTATCTGCGG_r1.fq.gz	28084
AdapPrim_mnnC_GGTTATCTGCGG_r2.fq.gz	28084
AdapPrim_mnnC_GTACTGGTGTTA_r1.fq.gz	25217
AdapPrim_mnnC_GTACTGGTGTTA_r2.fq.gz	25217
AdapPrim_mnnC_GTAGTAGTGACG_r1.fq.gz	32905
AdapPrim_mnnC_GTAGTAGTGACG_r2.fq.gz	32905
AdapPrim_mnnC_GTATTCGCGCCA_r1.fq.gz	24612
AdapPrim_mnnC_GTATTCGCGCCA_r2.fq.gz	24612
AdapPrim_mnnC_GTGAACCGTTCG_r1.fq.gz	25521
AdapPrim_mnnC_GTGAACCGTTCG_r2.fq.gz	25521
AdapPrim_mnnC_TAACACCGGTCG_r1.fq.gz	22354
AdapPrim_mnnC_TAACACCGGTCG_r2.fq.gz	22354
AdapPrim_mnnC_TCAGAACTACGA_r1.fq.gz	23519
AdapPrim_mnnC_TCAGAACTACGA_r2.fq.gz	23519
AdapPrim_mnnC_TGAAGGAGCCGA_r1.fq.gz	34297
AdapPrim_mnnC_TGAAGGAGCCGA_r2.fq.gz	34297
AdapPrim_mseA_AACGCCAGCGAA_r1.fq.gz	8662
AdapPrim_mseA_AACGCCAGCGAA_r2.fq.gz	8662
AdapPrim_mseA_AATCACCAAGAG_r1.fq.gz	10760
AdapPrim_mseA_AATCACCAAGAG_r2.fq.gz	10760
AdapPrim_mseA_ACCTCAGCGCAA_r1.fq.gz	10467
AdapPrim_mseA_ACCTCAGCGCAA_r2.fq.gz	10467
AdapPrim_mseA_ACGGCGTATTGG_r1.fq.gz	11424
AdapPrim_mseA_ACGGCGTATTGG_r2.fq.gz	11424
AdapPrim_mseA_ACTCACTCCGTG_r1.fq.gz	9759
AdapPrim_mseA_ACTCACTCCGTG_r2.fq.gz	9759
AdapPrim_mseA_CCATCTCAGCGA_r1.fq.gz	9154
AdapPrim_mseA_CCATCTCAGCGA_r2.fq.gz	9154
AdapPrim_mseA_CCGCTTGAGGTA_r1.fq.gz	6759
AdapPrim_mseA_CCGCTTGAGGTA_r2.fq.gz	6759
AdapPrim_mseA_CGATTGTTACGT_r1.fq.gz	6886
AdapPrim_mseA_CGATTGTTACGT_r2.fq.gz	6886
AdapPrim_mseA_CGTCTCAGACAA_r1.fq.gz	11189
AdapPrim_mseA_CGTCTCAGACAA_r2.fq.gz	11189
AdapPrim_mseA_CTCTGGCTATTG_r1.fq.gz	10698
AdapPrim_mseA_CTCTGGCTATTG_r2.fq.gz	10698
AdapPrim_mseA_GAGGATCCGTTG_r1.fq.gz	9729
AdapPrim_mseA_GAGGATCCGTTG_r2.fq.gz	9729
AdapPrim_mseA_GATACGCCAGAA_r1.fq.gz	11774
AdapPrim_mseA_GATACGCCAGAA_r2.fq.gz	11774
AdapPrim_mseA_GCGTAAGAGATG_r1.fq.gz	8292
AdapPrim_mseA_GCGTAAGAGATG_r2.fq.gz	8292
AdapPrim_mseA_GGAGAAGAAGAA_r1.fq.gz	10094
AdapPrim_mseA_GGAGAAGAAGAA_r2.fq.gz	10094
AdapPrim_mseA_GGCCTAACTACT_r1.fq.gz	6552
AdapPrim_mseA_GGCCTAACTACT_r2.fq.gz	6552
AdapPrim_mseA_GGTCGGTGTTGT_r1.fq.gz	8083
AdapPrim_mseA_GGTCGGTGTTGT_r2.fq.gz	8083
AdapPrim_mseA_GGTTATCTGCGG_r1.fq.gz	12993
AdapPrim_mseA_GGTTATCTGCGG_r2.fq.gz	12993
AdapPrim_mseA_GTACTGGTGTTA_r1.fq.gz	11938
AdapPrim_mseA_GTACTGGTGTTA_r2.fq.gz	11938
AdapPrim_mseA_GTAGTAGTGACG_r1.fq.gz	15430
AdapPrim_mseA_GTAGTAGTGACG_r2.fq.gz	15430
AdapPrim_mseA_GTATTCGCGCCA_r1.fq.gz	11432
AdapPrim_mseA_GTATTCGCGCCA_r2.fq.gz	11432
AdapPrim_mseA_GTGAACCGTTCG_r1.fq.gz	11753
AdapPrim_mseA_GTGAACCGTTCG_r2.fq.gz	11753
AdapPrim_mseA_TAACACCGGTCG_r1.fq.gz	10131
AdapPrim_mseA_TAACACCGGTCG_r2.fq.gz	10131
AdapPrim_mseA_TCAGAACTACGA_r1.fq.gz	10825
AdapPrim_mseA_TCAGAACTACGA_r2.fq.gz	10825
AdapPrim_mseA_TGAAGGAGCCGA_r1.fq.gz	15891
AdapPrim_mseA_TGAAGGAGCCGA_r2.fq.gz	15891
AdapPrim_mseB_AACGCCAGCGAA_r1.fq.gz	12265
AdapPrim_mseB_AACGCCAGCGAA_r2.fq.gz	12265
AdapPrim_mseB_AATCACCAAGAG_r1.fq.gz	15260
AdapPrim_mseB_AATCACCAAGAG_r2.fq.gz	15260
AdapPrim_mseB_ACCTCAGCGCAA_r1.fq.gz	14419
AdapPrim_mseB_ACCTCAGCGCAA_r2.fq.gz	14419
AdapPrim_mseB_ACGGCGTATTGG_r1.fq.gz	15706
AdapPrim_mseB_ACGGCGTATTGG_r2.fq.gz	15706
AdapPrim_mseB_ACTCACTCCGTG_r1.fq.gz	13151
AdapPrim_mseB_ACTCACTCCGTG_r2.fq.gz	13151
AdapPrim_mseB_CCATCTCAGCGA_r1.fq.gz	12539
AdapPrim_mseB_CCATCTCAGCGA_r2.fq.gz	12539
AdapPrim_mseB_CCGCTTGAGGTA_r1.fq.gz	9371
AdapPrim_mseB_CCGCTTGAGGTA_r2.fq.gz	9371
AdapPrim_mseB_CGATTGTTACGT_r1.fq.gz	9490
AdapPrim_mseB_CGATTGTTACGT_r2.fq.gz	9490
AdapPrim_mseB_CGTCTCAGACAA_r1.fq.gz	15398
AdapPrim_mseB_CGTCTCAGACAA_r2.fq.gz	15398
AdapPrim_mseB_CTCTGGCTATTG_r1.fq.gz	14767
AdapPrim_mseB_CTCTGGCTATTG_r2.fq.gz	14767
AdapPrim_mseB_GAGGATCCGTTG_r1.fq.gz	13012
AdapPrim_mseB_GAGGATCCGTTG_r2.fq.gz	13012
AdapPrim_mseB_GATACGCCAGAA_r1.fq.gz	16542
AdapPrim_mseB_GATACGCCAGAA_r2.fq.gz	16542
AdapPrim_mseB_GCGTAAGAGATG_r1.fq.gz	11575
AdapPrim_mseB_GCGTAAGAGATG_r2.fq.gz	11575
AdapPrim_mseB_GGAGAAGAAGAA_r1.fq.gz	14001
AdapPrim_mseB_GGAGAAGAAGAA_r2.fq.gz	14001
AdapPrim_mseB_GGCCTAACTACT_r1.fq.gz	8895
AdapPrim_mseB_GGCCTAACTACT_r2.fq.gz	8895
AdapPrim_mseB_GGTCGGTGTTGT_r1.fq.gz	10996
AdapPrim_mseB_GGTCGGTGTTGT_r2.fq.gz	10996
AdapPrim_mseB_GGTTATCTGCGG_r1.fq.gz	17868
AdapPrim_mseB_GGTTATCTGCGG_r2.fq.gz	17868
AdapPrim_mseB_GTACTGGTGTTA_r1.fq.gz	16410
AdapPrim_mseB_GTACTGGTGTTA_r2.fq.gz	16410
AdapPrim_mseB_GTAGTAGTGACG_r1.fq.gz	21266
AdapPrim_mseB_GTAGTAGTGACG_r2.fq.gz	21266
AdapPrim_mseB_GTATTCGCGCCA_r1.fq.gz	15671
AdapPrim_mseB_GTATTCGCGCCA_r2.fq.gz	15671
AdapPrim_mseB_GTGAACCGTTCG_r1.fq.gz	16330
AdapPrim_mseB_GTGAACCGTTCG_r2.fq.gz	16330
AdapPrim_mseB_TAACACCGGTCG_r1.fq.gz	14217
AdapPrim_mseB_TAACACCGGTCG_r2.fq.gz	14217
AdapPrim_mseB_TCAGAACTACGA_r1.fq.gz	14825
AdapPrim_mseB_TCAGAACTACGA_r2.fq.gz	14825
AdapPrim_mseB_TGAAGGAGCCGA_r1.fq.gz	21828
AdapPrim_mseB_TGAAGGAGCCGA_r2.fq.gz	21828
AdapPrim_mseC_AACGCCAGCGAA_r1.fq.gz	11024
AdapPrim_mseC_AACGCCAGCGAA_r2.fq.gz	11024
AdapPrim_mseC_AATCACCAAGAG_r1.fq.gz	13669
AdapPrim_mseC_AATCACCAAGAG_r2.fq.gz	13669
AdapPrim_mseC_ACCTCAGCGCAA_r1.fq.gz	13197
AdapPrim_mseC_ACCTCAGCGCAA_r2.fq.gz	13197
AdapPrim_mseC_ACGGCGTATTGG_r1.fq.gz	14000
AdapPrim_mseC_ACGGCGTATTGG_r2.fq.gz	14000
AdapPrim_mseC_ACTCACTCCGTG_r1.fq.gz	12011
AdapPrim_mseC_ACTCACTCCGTG_r2.fq.gz	12011
AdapPrim_mseC_CCATCTCAGCGA_r1.fq.gz	11337
AdapPrim_mseC_CCATCTCAGCGA_r2.fq.gz	11337
AdapPrim_mseC_CCGCTTGAGGTA_r1.fq.gz	8508
AdapPrim_mseC_CCGCTTGAGGTA_r2.fq.gz	8508
AdapPrim_mseC_CGATTGTTACGT_r1.fq.gz	8384
AdapPrim_mseC_CGATTGTTACGT_r2.fq.gz	8384
AdapPrim_mseC_CGTCTCAGACAA_r1.fq.gz	14129
AdapPrim_mseC_CGTCTCAGACAA_r2.fq.gz	14129
AdapPrim_mseC_CTCTGGCTATTG_r1.fq.gz	13173
AdapPrim_mseC_CTCTGGCTATTG_r2.fq.gz	13173
AdapPrim_mseC_GAGGATCCGTTG_r1.fq.gz	11915
AdapPrim_mseC_GAGGATCCGTTG_r2.fq.gz	11915
AdapPrim_mseC_GATACGCCAGAA_r1.fq.gz	14899
AdapPrim_mseC_GATACGCCAGAA_r2.fq.gz	14899
AdapPrim_mseC_GCGTAAGAGATG_r1.fq.gz	10692
AdapPrim_mseC_GCGTAAGAGATG_r2.fq.gz	10692
AdapPrim_mseC_GGAGAAGAAGAA_r1.fq.gz	12865
AdapPrim_mseC_GGAGAAGAAGAA_r2.fq.gz	12865
AdapPrim_mseC_GGCCTAACTACT_r1.fq.gz	8232
AdapPrim_mseC_GGCCTAACTACT_r2.fq.gz	8232
AdapPrim_mseC_GGTCGGTGTTGT_r1.fq.gz	10110
AdapPrim_mseC_GGTCGGTGTTGT_r2.fq.gz	10110
AdapPrim_mseC_GGTTATCTGCGG_r1.fq.gz	16128
AdapPrim_mseC_GGTTATCTGCGG_r2.fq.gz	16128
AdapPrim_mseC_GTACTGGTGTTA_r1.fq.gz	14748
AdapPrim_mseC_GTACTGGTGTTA_r2.fq.gz	14748
AdapPrim_mseC_GTAGTAGTGACG_r1.fq.gz	19444
AdapPrim_mseC_GTAGTAGTGACG_r2.fq.gz	19444
AdapPrim_mseC_GTATTCGCGCCA_r1.fq.gz	14432
AdapPrim_mseC_GTATTCGCGCCA_r2.fq.gz	14432
AdapPrim_mseC_GTGAACCGTTCG_r1.fq.gz	14635
AdapPrim_mseC_GTGAACCGTTCG_r2.fq.gz	14635
AdapPrim_mseC_TAACACCGGTCG_r1.fq.gz	12585
AdapPrim_mseC_TAACACCGGTCG_r2.fq.gz	12585
AdapPrim_mseC_TCAGAACTACGA_r1.fq.gz	13724
AdapPrim_mseC_TCAGAACTACGA_r2.fq.gz	13724
AdapPrim_mseC_TGAAGGAGCCGA_r1.fq.gz	19721
AdapPrim_mseC_TGAAGGAGCCGA_r2.fq.gz	19721
AdapPrim_msnA_AACGCCAGCGAA_r1.fq.gz	7461
AdapPrim_msnA_AACGCCAGCGAA_r2.fq.gz	7461
AdapPrim_msnA_AATCACCAAGAG_r1.fq.gz	9238
AdapPrim_msnA_AATCACCAAGAG_r2.fq.gz	9238
AdapPrim_msnA_ACCTCAGCGCAA_r1.fq.gz	8619
AdapPrim_msnA_ACCTCAGCGCAA_r2.fq.gz	8619
AdapPrim_msnA_ACGGCGTATTGG_r1.fq.gz	9293
AdapPrim_msnA_ACGGCGTATTGG_r2.fq.gz	9293
AdapPrim_msnA_ACTCACTCCGTG_r1.fq.gz	7833
AdapPrim_msnA_ACTCACTCCGTG_r2.fq.gz	7833
AdapPrim_msnA_CCATCTCAGCGA_r1.fq.gz	7585
AdapPrim_msnA_CCATCTCAGCGA_r2.fq.gz	7585
AdapPrim_msnA_CCGCTTGAGGTA_r1.fq.gz	5613
AdapPrim_msnA_CCGCTTGAGGTA_r2.fq.gz	5613
AdapPrim_msnA_CGATTGTTACGT_r1.fq.gz	5596
AdapPrim_msnA_CGATTGTTACGT_r2.fq.gz	5596
AdapPrim_msnA_CGTCTCAGACAA_r1.fq.gz	9167
AdapPrim_msnA_CGTCTCAGACAA_r2.fq.gz	9167
AdapPrim_msnA_CTCTGGCTATTG_r1.fq.gz	8446
AdapPrim_msnA_CTCTGGCTATTG_r2.fq.gz	8446
AdapPrim_msnA_GAGGATCCGTTG_r1.fq.gz	7986
AdapPrim_msnA_GAGGATCCGTTG_r2.fq.gz	7986
AdapPrim_msnA_GATACGCCAGAA_r1.fq.gz	9839
AdapPrim_msnA_GATACGCCAGAA_r2.fq.gz	9839
AdapPrim_msnA_GCGTAAGAGATG_r1.fq.gz	7045
AdapPrim_msnA_GCGTAAGAGATG_r2.fq.gz	7045
AdapPrim_msnA_GGAGAAGAAGAA_r1.fq.gz	8449
AdapPrim_msnA_GGAGAAGAAGAA_r2.fq.gz	8449
AdapPrim_msnA_GGCCTAACTACT_r1.fq.gz	5144
AdapPrim_msnA_GGCCTAACTACT_r2.fq.gz	5144
AdapPrim_msnA_GGTCGGTGTTGT_r1.fq.gz	6563
AdapPrim_msnA_GGTCGGTGTTGT_r2.fq.gz	6563
AdapPrim_msnA_GGTTATCTGCGG_r1.fq.gz	10509
AdapPrim_msnA_GGTTATCTGCGG_r2.fq.gz	10509
AdapPrim_msnA_GTACTGGTGTTA_r1.fq.gz	9571
AdapPrim_msnA_GTACTGGTGTTA_r2.fq.gz	9571
AdapPrim_msnA_GTAGTAGTGACG_r1.fq.gz	12637
AdapPrim_msnA_GTAGTAGTGACG_r2.fq.gz	12637
AdapPrim_msnA_GTATTCGCGCCA_r1.fq.gz	9475
AdapPrim_msnA_GTATTCGCGCCA_r2.fq.gz	9475
AdapPrim_msnA_GTGAACCGTTCG_r1.fq.gz	9837
AdapPrim_msnA_GTGAACCGTTCG_r2.fq.gz	9837
AdapPrim_msnA_TAACACCGGTCG_r1.fq.gz	8459
AdapPrim_msnA_TAACACCGGTCG_r2.fq.gz	8459
AdapPrim_msnA_TCAGAACTACGA_r1.fq.gz	8929
AdapPrim_msnA_TCAGAACTACGA_r2.fq.gz	8929
AdapPrim_msnA_TGAAGGAGCCGA_r1.fq.gz	13227
AdapPrim_msnA_TGAAGGAGCCGA_r2.fq.gz	13227
AdapPrim_msnB_AACGCCAGCGAA_r1.fq.gz	9821
AdapPrim_msnB_AACGCCAGCGAA_r2.fq.gz	9821
AdapPrim_msnB_AATCACCAAGAG_r1.fq.gz	12218
AdapPrim_msnB_AATCACCAAGAG_r2.fq.gz	12218
AdapPrim_msnB_ACCTCAGCGCAA_r1.fq.gz	11494
AdapPrim_msnB_ACCTCAGCGCAA_r2.fq.gz	11494
AdapPrim_msnB_ACGGCGTATTGG_r1.fq.gz	12583
AdapPrim_msnB_ACGGCGTATTGG_r2.fq.gz	12583
AdapPrim_msnB_ACTCACTCCGTG_r1.fq.gz	10557
AdapPrim_msnB_ACTCACTCCGTG_r2.fq.gz	10557
AdapPrim_msnB_CCATCTCAGCGA_r1.fq.gz	9852
AdapPrim_msnB_CCATCTCAGCGA_r2.fq.gz	9852
AdapPrim_msnB_CCGCTTGAGGTA_r1.fq.gz	7519
AdapPrim_msnB_CCGCTTGAGGTA_r2.fq.gz	7519
AdapPrim_msnB_CGATTGTTACGT_r1.fq.gz	7603
AdapPrim_msnB_CGATTGTTACGT_r2.fq.gz	7603
AdapPrim_msnB_CGTCTCAGACAA_r1.fq.gz	11978
AdapPrim_msnB_CGTCTCAGACAA_r2.fq.gz	11978
AdapPrim_msnB_CTCTGGCTATTG_r1.fq.gz	11617
AdapPrim_msnB_CTCTGGCTATTG_r2.fq.gz	11617
AdapPrim_msnB_GAGGATCCGTTG_r1.fq.gz	10411
AdapPrim_msnB_GAGGATCCGTTG_r2.fq.gz	10411
AdapPrim_msnB_GATACGCCAGAA_r1.fq.gz	13276
AdapPrim_msnB_GATACGCCAGAA_r2.fq.gz	13276
AdapPrim_msnB_GCGTAAGAGATG_r1.fq.gz	9357
AdapPrim_msnB_GCGTAAGAGATG_r2.fq.gz	9357
AdapPrim_msnB_GGAGAAGAAGAA_r1.fq.gz	11271
AdapPrim_msnB_GGAGAAGAAGAA_r2.fq.gz	11271
AdapPrim_msnB_GGCCTAACTACT_r1.fq.gz	7007
AdapPrim_msnB_GGCCTAACTACT_r2.fq.gz	7007
AdapPrim_msnB_GGTCGGTGTTGT_r1.fq.gz	8585
AdapPrim_msnB_GGTCGGTGTTGT_r2.fq.gz	8585
AdapPrim_msnB_GGTTATCTGCGG_r1.fq.gz	14277
AdapPrim_msnB_GGTTATCTGCGG_r2.fq.gz	14277
AdapPrim_msnB_GTACTGGTGTTA_r1.fq.gz	13098
AdapPrim_msnB_GTACTGGTGTTA_r2.fq.gz	13098
AdapPrim_msnB_GTAGTAGTGACG_r1.fq.gz	16843
AdapPrim_msnB_GTAGTAGTGACG_r2.fq.gz	16843
AdapPrim_msnB_GTATTCGCGCCA_r1.fq.gz	12281
AdapPrim_msnB_GTATTCGCGCCA_r2.fq.gz	12281
AdapPrim_msnB_GTGAACCGTTCG_r1.fq.gz	13035
AdapPrim_msnB_GTGAACCGTTCG_r2.fq.gz	13035
AdapPrim_msnB_TAACACCGGTCG_r1.fq.gz	11285
AdapPrim_msnB_TAACACCGGTCG_r2.fq.gz	11285
AdapPrim_msnB_TCAGAACTACGA_r1.fq.gz	12076
AdapPrim_msnB_TCAGAACTACGA_r2.fq.gz	12076
AdapPrim_msnB_TGAAGGAGCCGA_r1.fq.gz	17359
AdapPrim_msnB_TGAAGGAGCCGA_r2.fq.gz	17359
AdapPrim_msnC_AACGCCAGCGAA_r1.fq.gz	7467
AdapPrim_msnC_AACGCCAGCGAA_r2.fq.gz	7467
AdapPrim_msnC_AATCACCAAGAG_r1.fq.gz	9000
AdapPrim_msnC_AATCACCAAGAG_r2.fq.gz	9000
AdapPrim_msnC_ACCTCAGCGCAA_r1.fq.gz	8740
AdapPrim_msnC_ACCTCAGCGCAA_r2.fq.gz	8740
AdapPrim_msnC_ACGGCGTATTGG_r1.fq.gz	9461
AdapPrim_msnC_ACGGCGTATTGG_r2.fq.gz	9461
AdapPrim_msnC_ACTCACTCCGTG_r1.fq.gz	8011
AdapPrim_msnC_ACTCACTCCGTG_r2.fq.gz	8011
AdapPrim_msnC_CCATCTCAGCGA_r1.fq.gz	7650
AdapPrim_msnC_CCATCTCAGCGA_r2.fq.gz	7650
AdapPrim_msnC_CCGCTTGAGGTA_r1.fq.gz	5770
AdapPrim_msnC_CCGCTTGAGGTA_r2.fq.gz	5770
AdapPrim_msnC_CGATTGTTACGT_r1.fq.gz	5640
AdapPrim_msnC_CGATTGTTACGT_r2.fq.gz	5640
AdapPrim_msnC_CGTCTCAGACAA_r1.fq.gz	9206
AdapPrim_msnC_CGTCTCAGACAA_r2.fq.gz	9206
AdapPrim_msnC_CTCTGGCTATTG_r1.fq.gz	8576
AdapPrim_msnC_CTCTGGCTATTG_r2.fq.gz	8576
AdapPrim_msnC_GAGGATCCGTTG_r1.fq.gz	7908
AdapPrim_msnC_GAGGATCCGTTG_r2.fq.gz	7908
AdapPrim_msnC_GATACGCCAGAA_r1.fq.gz	10000
AdapPrim_msnC_GATACGCCAGAA_r2.fq.gz	10000
AdapPrim_msnC_GCGTAAGAGATG_r1.fq.gz	7131
AdapPrim_msnC_GCGTAAGAGATG_r2.fq.gz	7131
AdapPrim_msnC_GGAGAAGAAGAA_r1.fq.gz	8389
AdapPrim_msnC_GGAGAAGAAGAA_r2.fq.gz	8389
AdapPrim_msnC_GGCCTAACTACT_r1.fq.gz	5274
AdapPrim_msnC_GGCCTAACTACT_r2.fq.gz	5274
AdapPrim_msnC_GGTCGGTGTTGT_r1.fq.gz	6811
AdapPrim_msnC_GGTCGGTGTTGT_r2.fq.gz	6811
AdapPrim_msnC_GGTTATCTGCGG_r1.fq.gz	10577
AdapPrim_msnC_GGTTATCTGCGG_r2.fq.gz	10577
AdapPrim_msnC_GTACTGGTGTTA_r1.fq.gz	9808
AdapPrim_msnC_GTACTGGTGTTA_r2.fq.gz	9808
AdapPrim_msnC_GTAGTAGTGACG_r1.fq.gz	13006
AdapPrim_msnC_GTAGTAGTGACG_r2.fq.gz	13006
AdapPrim_msnC_GTATTCGCGCCA_r1.fq.gz	9535
AdapPrim_msnC_GTATTCGCGCCA_r2.fq.gz	9535
AdapPrim_msnC_GTGAACCGTTCG_r1.fq.gz	9990
AdapPrim_msnC_GTGAACCGTTCG_r2.fq.gz	9990
AdapPrim_msnC_TAACACCGGTCG_r1.fq.gz	8503
AdapPrim_msnC_TAACACCGGTCG_r2.fq.gz	8503
AdapPrim_msnC_TCAGAACTACGA_r1.fq.gz	8880
AdapPrim_msnC_TCAGAACTACGA_r2.fq.gz	8880
AdapPrim_msnC_TGAAGGAGCCGA_r1.fq.gz	12986
AdapPrim_msnC_TGAAGGAGCCGA_r2.fq.gz	12986
AdapPrim_nneA_AACGCCAGCGAA_r1.fq.gz	22308
AdapPrim_nneA_AACGCCAGCGAA_r2.fq.gz	22308
AdapPrim_nneA_AATCACCAAGAG_r1.fq.gz	27589
AdapPrim_nneA_AATCACCAAGAG_r2.fq.gz	27589
AdapPrim_nneA_ACCTCAGCGCAA_r1.fq.gz	26651
AdapPrim_nneA_ACCTCAGCGCAA_r2.fq.gz	26651
AdapPrim_nneA_ACGGCGTATTGG_r1.fq.gz	29204
AdapPrim_nneA_ACGGCGTATTGG_r2.fq.gz	29204
AdapPrim_nneA_ACTCACTCCGTG_r1.fq.gz	23821
AdapPrim_nneA_ACTCACTCCGTG_r2.fq.gz	23821
AdapPrim_nneA_CCATCTCAGCGA_r1.fq.gz	22946
AdapPrim_nneA_CCATCTCAGCGA_r2.fq.gz	22946
AdapPrim_nneA_CCGCTTGAGGTA_r1.fq.gz	17427
AdapPrim_nneA_CCGCTTGAGGTA_r2.fq.gz	17427
AdapPrim_nneA_CGATTGTTACGT_r1.fq.gz	17850
AdapPrim_nneA_CGATTGTTACGT_r2.fq.gz	17850
AdapPrim_nneA_CGTCTCAGACAA_r1.fq.gz	28261
AdapPrim_nneA_CGTCTCAGACAA_r2.fq.gz	28261
AdapPrim_nneA_CTCTGGCTATTG_r1.fq.gz	27518
AdapPrim_nneA_CTCTGGCTATTG_r2.fq.gz	27518
AdapPrim_nneA_GAGGATCCGTTG_r1.fq.gz	24022
AdapPrim_nneA_GAGGATCCGTTG_r2.fq.gz	24022
AdapPrim_nneA_GATACGCCAGAA_r1.fq.gz	30689
AdapPrim_nneA_GATACGCCAGAA_r2.fq.gz	30689
AdapPrim_nneA_GCGTAAGAGATG_r1.fq.gz	21574
AdapPrim_nneA_GCGTAAGAGATG_r2.fq.gz	21574
AdapPrim_nneA_GGAGAAGAAGAA_r1.fq.gz	25628
AdapPrim_nneA_GGAGAAGAAGAA_r2.fq.gz	25628
AdapPrim_nneA_GGCCTAACTACT_r1.fq.gz	16305
AdapPrim_nneA_GGCCTAACTACT_r2.fq.gz	16305
AdapPrim_nneA_GGTCGGTGTTGT_r1.fq.gz	20729
AdapPrim_nneA_GGTCGGTGTTGT_r2.fq.gz	20729
AdapPrim_nneA_GGTTATCTGCGG_r1.fq.gz	32839
AdapPrim_nneA_GGTTATCTGCGG_r2.fq.gz	32839
AdapPrim_nneA_GTACTGGTGTTA_r1.fq.gz	30477
AdapPrim_nneA_GTACTGGTGTTA_r2.fq.gz	30477
AdapPrim_nneA_GTAGTAGTGACG_r1.fq.gz	38862
AdapPrim_nneA_GTAGTAGTGACG_r2.fq.gz	38862
AdapPrim_nneA_GTATTCGCGCCA_r1.fq.gz	28598
AdapPrim_nneA_GTATTCGCGCCA_r2.fq.gz	28598
AdapPrim_nneA_GTGAACCGTTCG_r1.fq.gz	29596
AdapPrim_nneA_GTGAACCGTTCG_r2.fq.gz	29596
AdapPrim_nneA_TAACACCGGTCG_r1.fq.gz	26339
AdapPrim_nneA_TAACACCGGTCG_r2.fq.gz	26339
AdapPrim_nneA_TCAGAACTACGA_r1.fq.gz	27373
AdapPrim_nneA_TCAGAACTACGA_r2.fq.gz	27373
AdapPrim_nneA_TGAAGGAGCCGA_r1.fq.gz	40338
AdapPrim_nneA_TGAAGGAGCCGA_r2.fq.gz	40338
AdapPrim_nneB_AACGCCAGCGAA_r1.fq.gz	18687
AdapPrim_nneB_AACGCCAGCGAA_r2.fq.gz	18687
AdapPrim_nneB_AATCACCAAGAG_r1.fq.gz	23465
AdapPrim_nneB_AATCACCAAGAG_r2.fq.gz	23465
AdapPrim_nneB_ACCTCAGCGCAA_r1.fq.gz	22692
AdapPrim_nneB_ACCTCAGCGCAA_r2.fq.gz	22692
AdapPrim_nneB_ACGGCGTATTGG_r1.fq.gz	24174
AdapPrim_nneB_ACGGCGTATTGG_r2.fq.gz	24174
AdapPrim_nneB_ACTCACTCCGTG_r1.fq.gz	20324
AdapPrim_nneB_ACTCACTCCGTG_r2.fq.gz	20324
AdapPrim_nneB_CCATCTCAGCGA_r1.fq.gz	19368
AdapPrim_nneB_CCATCTCAGCGA_r2.fq.gz	19368
AdapPrim_nneB_CCGCTTGAGGTA_r1.fq.gz	14527
AdapPrim_nneB_CCGCTTGAGGTA_r2.fq.gz	14527
AdapPrim_nneB_CGATTGTTACGT_r1.fq.gz	14773
AdapPrim_nneB_CGATTGTTACGT_r2.fq.gz	14773
AdapPrim_nneB_CGTCTCAGACAA_r1.fq.gz	23932
AdapPrim_nneB_CGTCTCAGACAA_r2.fq.gz	23932
AdapPrim_nneB_CTCTGGCTATTG_r1.fq.gz	22730
AdapPrim_nneB_CTCTGGCTATTG_r2.fq.gz	22730
AdapPrim_nneB_GAGGATCCGTTG_r1.fq.gz	20276
AdapPrim_nneB_GAGGATCCGTTG_r2.fq.gz	20276
AdapPrim_nneB_GATACGCCAGAA_r1.fq.gz	26058
AdapPrim_nneB_GATACGCCAGAA_r2.fq.gz	26058
AdapPrim_nneB_GCGTAAGAGATG_r1.fq.gz	18399
AdapPrim_nneB_GCGTAAGAGATG_r2.fq.gz	18399
AdapPrim_nneB_GGAGAAGAAGAA_r1.fq.gz	21477
AdapPrim_nneB_GGAGAAGAAGAA_r2.fq.gz	21477
AdapPrim_nneB_GGCCTAACTACT_r1.fq.gz	13829
AdapPrim_nneB_GGCCTAACTACT_r2.fq.gz	13829
AdapPrim_nneB_GGTCGGTGTTGT_r1.fq.gz	17346
AdapPrim_nneB_GGTCGGTGTTGT_r2.fq.gz	17346
AdapPrim_nneB_GGTTATCTGCGG_r1.fq.gz	27325
AdapPrim_nneB_GGTTATCTGCGG_r2.fq.gz	27325
AdapPrim_nneB_GTACTGGTGTTA_r1.fq.gz	25064
AdapPrim_nneB_GTACTGGTGTTA_r2.fq.gz	25064
AdapPrim_nneB_GTAGTAGTGACG_r1.fq.gz	32930
AdapPrim_nneB_GTAGTAGTGACG_r2.fq.gz	32930
AdapPrim_nneB_GTATTCGCGCCA_r1.fq.gz	24586
AdapPrim_nneB_GTATTCGCGCCA_r2.fq.gz	24586
AdapPrim_nneB_GTGAACCGTTCG_r1.fq.gz	25335
AdapPrim_nneB_GTGAACCGTTCG_r2.fq.gz	25335
AdapPrim_nneB_TAACACCGGTCG_r1.fq.gz	22081
AdapPrim_nneB_TAACACCGGTCG_r2.fq.gz	22081
AdapPrim_nneB_TCAGAACTACGA_r1.fq.gz	23117
AdapPrim_nneB_TCAGAACTACGA_r2.fq.gz	23117
AdapPrim_nneB_TGAAGGAGCCGA_r1.fq.gz	33945
AdapPrim_nneB_TGAAGGAGCCGA_r2.fq.gz	33945
AdapPrim_nneC_AACGCCAGCGAA_r1.fq.gz	14857
AdapPrim_nneC_AACGCCAGCGAA_r2.fq.gz	14857
AdapPrim_nneC_AATCACCAAGAG_r1.fq.gz	18636
AdapPrim_nneC_AATCACCAAGAG_r2.fq.gz	18636
AdapPrim_nneC_ACCTCAGCGCAA_r1.fq.gz	17746
AdapPrim_nneC_ACCTCAGCGCAA_r2.fq.gz	17746
AdapPrim_nneC_ACGGCGTATTGG_r1.fq.gz	19428
AdapPrim_nneC_ACGGCGTATTGG_r2.fq.gz	19428
AdapPrim_nneC_ACTCACTCCGTG_r1.fq.gz	15922
AdapPrim_nneC_ACTCACTCCGTG_r2.fq.gz	15922
AdapPrim_nneC_CCATCTCAGCGA_r1.fq.gz	15503
AdapPrim_nneC_CCATCTCAGCGA_r2.fq.gz	15503
AdapPrim_nneC_CCGCTTGAGGTA_r1.fq.gz	11485
AdapPrim_nneC_CCGCTTGAGGTA_r2.fq.gz	11485
AdapPrim_nneC_CGATTGTTACGT_r1.fq.gz	11736
AdapPrim_nneC_CGATTGTTACGT_r2.fq.gz	11736
AdapPrim_nneC_CGTCTCAGACAA_r1.fq.gz	19115
AdapPrim_nneC_CGTCTCAGACAA_r2.fq.gz	19115
AdapPrim_nneC_CTCTGGCTATTG_r1.fq.gz	18041
AdapPrim_nneC_CTCTGGCTATTG_r2.fq.gz	18041
AdapPrim_nneC_GAGGATCCGTTG_r1.fq.gz	16145
AdapPrim_nneC_GAGGATCCGTTG_r2.fq.gz	16145
AdapPrim_nneC_GATACGCCAGAA_r1.fq.gz	20550
AdapPrim_nneC_GATACGCCAGAA_r2.fq.gz	20550
AdapPrim_nneC_GCGTAAGAGATG_r1.fq.gz	14534
AdapPrim_nneC_GCGTAAGAGATG_r2.fq.gz	14534
AdapPrim_nneC_GGAGAAGAAGAA_r1.fq.gz	17271
AdapPrim_nneC_GGAGAAGAAGAA_r2.fq.gz	17271
AdapPrim_nneC_GGCCTAACTACT_r1.fq.gz	10848
AdapPrim_nneC_GGCCTAACTACT_r2.fq.gz	10848
AdapPrim_nneC_GGTCGGTGTTGT_r1.fq.gz	13679
AdapPrim_nneC_GGTCGGTGTTGT_r2.fq.gz	13679
AdapPrim_nneC_GGTTATCTGCGG_r1.fq.gz	21589
AdapPrim_nneC_GGTTATCTGCGG_r2.fq.gz	21589
AdapPrim_nneC_GTACTGGTGTTA_r1.fq.gz	20000
AdapPrim_nneC_GTACTGGTGTTA_r2.fq.gz	20000
AdapPrim_nneC_GTAGTAGTGACG_r1.fq.gz	25992
AdapPrim_nneC_GTAGTAGTGACG_r2.fq.gz	25992
AdapPrim_nneC_GTATTCGCGCCA_r1.fq.gz	19052
AdapPrim_nneC_GTATTCGCGCCA_r2.fq.gz	19052
AdapPrim_nneC_GTGAACCGTTCG_r1.fq.gz	19903
AdapPrim_nneC_GTGAACCGTTCG_r2.fq.gz	19903
AdapPrim_nneC_TAACACCGGTCG_r1.fq.gz	17493
AdapPrim_nneC_TAACACCGGTCG_r2.fq.gz	17493
AdapPrim_nneC_TCAGAACTACGA_r1.fq.gz	18468
AdapPrim_nneC_TCAGAACTACGA_r2.fq.gz	18468
AdapPrim_nneC_TGAAGGAGCCGA_r1.fq.gz	26990
AdapPrim_nneC_TGAAGGAGCCGA_r2.fq.gz	26990
AdapPrim_nnnA_AACGCCAGCGAA_r1.fq.gz	13650
AdapPrim_nnnA_AACGCCAGCGAA_r2.fq.gz	13650
AdapPrim_nnnA_AATCACCAAGAG_r1.fq.gz	16771
AdapPrim_nnnA_AATCACCAAGAG_r2.fq.gz	16771
AdapPrim_nnnA_ACCTCAGCGCAA_r1.fq.gz	16204
AdapPrim_nnnA_ACCTCAGCGCAA_r2.fq.gz	16204
AdapPrim_nnnA_ACGGCGTATTGG_r1.fq.gz	17461
AdapPrim_nnnA_ACGGCGTATTGG_r2.fq.gz	17461
AdapPrim_nnnA_ACTCACTCCGTG_r1.fq.gz	14629
AdapPrim_nnnA_ACTCACTCCGTG_r2.fq.gz	14629
AdapPrim_nnnA_CCATCTCAGCGA_r1.fq.gz	14048
AdapPrim_nnnA_CCATCTCAGCGA_r2.fq.gz	14048
AdapPrim_nnnA_CCGCTTGAGGTA_r1.fq.gz	10534
AdapPrim_nnnA_CCGCTTGAGGTA_r2.fq.gz	10534
AdapPrim_nnnA_CGATTGTTACGT_r1.fq.gz	10444
AdapPrim_nnnA_CGATTGTTACGT_r2.fq.gz	10444
AdapPrim_nnnA_CGTCTCAGACAA_r1.fq.gz	16658
AdapPrim_nnnA_CGTCTCAGACAA_r2.fq.gz	16658
AdapPrim_nnnA_CTCTGGCTATTG_r1.fq.gz	16412
AdapPrim_nnnA_CTCTGGCTATTG_r2.fq.gz	16412
AdapPrim_nnnA_GAGGATCCGTTG_r1.fq.gz	14670
AdapPrim_nnnA_GAGGATCCGTTG_r2.fq.gz	14670
AdapPrim_nnnA_GATACGCCAGAA_r1.fq.gz	18300
AdapPrim_nnnA_GATACGCCAGAA_r2.fq.gz	18300
AdapPrim_nnnA_GCGTAAGAGATG_r1.fq.gz	13179
AdapPrim_nnnA_GCGTAAGAGATG_r2.fq.gz	13179
AdapPrim_nnnA_GGAGAAGAAGAA_r1.fq.gz	15268
AdapPrim_nnnA_GGAGAAGAAGAA_r2.fq.gz	15268
AdapPrim_nnnA_GGCCTAACTACT_r1.fq.gz	9963
AdapPrim_nnnA_GGCCTAACTACT_r2.fq.gz	9963
AdapPrim_nnnA_GGTCGGTGTTGT_r1.fq.gz	12320
AdapPrim_nnnA_GGTCGGTGTTGT_r2.fq.gz	12320
AdapPrim_nnnA_GGTTATCTGCGG_r1.fq.gz	19962
AdapPrim_nnnA_GGTTATCTGCGG_r2.fq.gz	19962
AdapPrim_nnnA_GTACTGGTGTTA_r1.fq.gz	18394
AdapPrim_nnnA_GTACTGGTGTTA_r2.fq.gz	18394
AdapPrim_nnnA_GTAGTAGTGACG_r1.fq.gz	23993
AdapPrim_nnnA_GTAGTAGTGACG_r2.fq.gz	23993
AdapPrim_nnnA_GTATTCGCGCCA_r1.fq.gz	17432
AdapPrim_nnnA_GTATTCGCGCCA_r2.fq.gz	17432
AdapPrim_nnnA_GTGAACCGTTCG_r1.fq.gz	18242
AdapPrim_nnnA_GTGAACCGTTCG_r2.fq.gz	18242
AdapPrim_nnnA_TAACACCGGTCG_r1.fq.gz	15833
AdapPrim_nnnA_TAACACCGGTCG_r2.fq.gz	15833
AdapPrim_nnnA_TCAGAACTACGA_r1.fq.gz	16409
AdapPrim_nnnA_TCAGAACTACGA_r2.fq.gz	16409
AdapPrim_nnnA_TGAAGGAGCCGA_r1.fq.gz	24017
AdapPrim_nnnA_TGAAGGAGCCGA_r2.fq.gz	24017
AdapPrim_nnnB_AACGCCAGCGAA_r1.fq.gz	15772
AdapPrim_nnnB_AACGCCAGCGAA_r2.fq.gz	15772
AdapPrim_nnnB_AATCACCAAGAG_r1.fq.gz	19600
AdapPrim_nnnB_AATCACCAAGAG_r2.fq.gz	19600
AdapPrim_nnnB_ACCTCAGCGCAA_r1.fq.gz	18544
AdapPrim_nnnB_ACCTCAGCGCAA_r2.fq.gz	18544
AdapPrim_nnnB_ACGGCGTATTGG_r1.fq.gz	20035
AdapPrim_nnnB_ACGGCGTATTGG_r2.fq.gz	20035
AdapPrim_nnnB_ACTCACTCCGTG_r1.fq.gz	16834
AdapPrim_nnnB_ACTCACTCCGTG_r2.fq.gz	16834
AdapPrim_nnnB_CCATCTCAGCGA_r1.fq.gz	16115
AdapPrim_nnnB_CCATCTCAGCGA_r2.fq.gz	16115
AdapPrim_nnnB_CCGCTTGAGGTA_r1.fq.gz	12038
AdapPrim_nnnB_CCGCTTGAGGTA_r2.fq.gz	12038
AdapPrim_nnnB_CGATTGTTACGT_r1.fq.gz	12142
AdapPrim_nnnB_CGATTGTTACGT_r2.fq.gz	12142
AdapPrim_nnnB_CGTCTCAGACAA_r1.fq.gz	19477
AdapPrim_nnnB_CGTCTCAGACAA_r2.fq.gz	19477
AdapPrim_nnnB_CTCTGGCTATTG_r1.fq.gz	18737
AdapPrim_nnnB_CTCTGGCTATTG_r2.fq.gz	18737
AdapPrim_nnnB_GAGGATCCGTTG_r1.fq.gz	16584
AdapPrim_nnnB_GAGGATCCGTTG_r2.fq.gz	16584
AdapPrim_nnnB_GATACGCCAGAA_r1.fq.gz	21204
AdapPrim_nnnB_GATACGCCAGAA_r2.fq.gz	21204
AdapPrim_nnnB_GCGTAAGAGATG_r1.fq.gz	14803
AdapPrim_nnnB_GCGTAAGAGATG_r2.fq.gz	14803
AdapPrim_nnnB_GGAGAAGAAGAA_r1.fq.gz	17874
AdapPrim_nnnB_GGAGAAGAAGAA_r2.fq.gz	17874
AdapPrim_nnnB_GGCCTAACTACT_r1.fq.gz	11313
AdapPrim_nnnB_GGCCTAACTACT_r2.fq.gz	11313
AdapPrim_nnnB_GGTCGGTGTTGT_r1.fq.gz	14342
AdapPrim_nnnB_GGTCGGTGTTGT_r2.fq.gz	14342
AdapPrim_nnnB_GGTTATCTGCGG_r1.fq.gz	23008
AdapPrim_nnnB_GGTTATCTGCGG_r2.fq.gz	23008
AdapPrim_nnnB_GTACTGGTGTTA_r1.fq.gz	20552
AdapPrim_nnnB_GTACTGGTGTTA_r2.fq.gz	20552
AdapPrim_nnnB_GTAGTAGTGACG_r1.fq.gz	27292
AdapPrim_nnnB_GTAGTAGTGACG_r2.fq.gz	27292
AdapPrim_nnnB_GTATTCGCGCCA_r1.fq.gz	19755
AdapPrim_nnnB_GTATTCGCGCCA_r2.fq.gz	19755
AdapPrim_nnnB_GTGAACCGTTCG_r1.fq.gz	20811
AdapPrim_nnnB_GTGAACCGTTCG_r2.fq.gz	20811
AdapPrim_nnnB_TAACACCGGTCG_r1.fq.gz	18059
AdapPrim_nnnB_TAACACCGGTCG_r2.fq.gz	18059
AdapPrim_nnnB_TCAGAACTACGA_r1.fq.gz	19060
AdapPrim_nnnB_TCAGAACTACGA_r2.fq.gz	19060
AdapPrim_nnnB_TGAAGGAGCCGA_r1.fq.gz	27957
AdapPrim_nnnB_TGAAGGAGCCGA_r2.fq.gz	27957
AdapPrim_nnnC_AACGCCAGCGAA_r1.fq.gz	16653
AdapPrim_nnnC_AACGCCAGCGAA_r2.fq.gz	16653
AdapPrim_nnnC_AATCACCAAGAG_r1.fq.gz	20744
AdapPrim_nnnC_AATCACCAAGAG_r2.fq.gz	20744
AdapPrim_nnnC_ACCTCAGCGCAA_r1.fq.gz	19841
AdapPrim_nnnC_ACCTCAGCGCAA_r2.fq.gz	19841
AdapPrim_nnnC_ACGGCGTATTGG_r1.fq.gz	21517
AdapPrim_nnnC_ACGGCGTATTGG_r2.fq.gz	21517
AdapPrim_nnnC_ACTCACTCCGTG_r1.fq.gz	17968
AdapPrim_nnnC_ACTCACTCCGTG_r2.fq.gz	17968
AdapPrim_nnnC_CCATCTCAGCGA_r1.fq.gz	17407
AdapPrim_nnnC_CCATCTCAGCGA_r2.fq.gz	17407
AdapPrim_nnnC_CCGCTTGAGGTA_r1.fq.gz	12829
AdapPrim_nnnC_CCGCTTGAGGTA_r2.fq.gz	12829
AdapPrim_nnnC_CGATTGTTACGT_r1.fq.gz	12771
AdapPrim_nnnC_CGATTGTTACGT_r2.fq.gz	12771
AdapPrim_nnnC_CGTCTCAGACAA_r1.fq.gz	21214
AdapPrim_nnnC_CGTCTCAGACAA_r2.fq.gz	21214
AdapPrim_nnnC_CTCTGGCTATTG_r1.fq.gz	19793
AdapPrim_nnnC_CTCTGGCTATTG_r2.fq.gz	19793
AdapPrim_nnnC_GAGGATCCGTTG_r1.fq.gz	18025
AdapPrim_nnnC_GAGGATCCGTTG_r2.fq.gz	18025
AdapPrim_nnnC_GATACGCCAGAA_r1.fq.gz	22864
AdapPrim_nnnC_GATACGCCAGAA_r2.fq.gz	22864
AdapPrim_nnnC_GCGTAAGAGATG_r1.fq.gz	15939
AdapPrim_nnnC_GCGTAAGAGATG_r2.fq.gz	15939
AdapPrim_nnnC_GGAGAAGAAGAA_r1.fq.gz	19364
AdapPrim_nnnC_GGAGAAGAAGAA_r2.fq.gz	19364
AdapPrim_nnnC_GGCCTAACTACT_r1.fq.gz	12304
AdapPrim_nnnC_GGCCTAACTACT_r2.fq.gz	12304
AdapPrim_nnnC_GGTCGGTGTTGT_r1.fq.gz	15226
AdapPrim_nnnC_GGTCGGTGTTGT_r2.fq.gz	15226
AdapPrim_nnnC_GGTTATCTGCGG_r1.fq.gz	24185
AdapPrim_nnnC_GGTTATCTGCGG_r2.fq.gz	24185
AdapPrim_nnnC_GTACTGGTGTTA_r1.fq.gz	22377
AdapPrim_nnnC_GTACTGGTGTTA_r2.fq.gz	22377
AdapPrim_nnnC_GTAGTAGTGACG_r1.fq.gz	29335
AdapPrim_nnnC_GTAGTAGTGACG_r2.fq.gz	29335
AdapPrim_nnnC_GTATTCGCGCCA_r1.fq.gz	21455
AdapPrim_nnnC_GTATTCGCGCCA_r2.fq.gz	21455
AdapPrim_nnnC_GTGAACCGTTCG_r1.fq.gz	22554
AdapPrim_nnnC_GTGAACCGTTCG_r2.fq.gz	22554
AdapPrim_nnnC_TAACACCGGTCG_r1.fq.gz	19436
AdapPrim_nnnC_TAACACCGGTCG_r2.fq.gz	19436
AdapPrim_nnnC_TCAGAACTACGA_r1.fq.gz	20430
AdapPrim_nnnC_TCAGAACTACGA_r2.fq.gz	20430
AdapPrim_nnnC_TGAAGGAGCCGA_r1.fq.gz	30239
AdapPrim_nnnC_TGAAGGAGCCGA_r2.fq.gz	30239
AdapPrim_nseA_AACGCCAGCGAA_r1.fq.gz	7993
AdapPrim_nseA_AACGCCAGCGAA_r2.fq.gz	7993
AdapPrim_nseA_AATCACCAAGAG_r1.fq.gz	9956
AdapPrim_nseA_AATCACCAAGAG_r2.fq.gz	9956
AdapPrim_nseA_ACCTCAGCGCAA_r1.fq.gz	9687
AdapPrim_nseA_ACCTCAGCGCAA_r2.fq.gz	9687
AdapPrim_nseA_ACGGCGTATTGG_r1.fq.gz	10431
AdapPrim_nseA_ACGGCGTATTGG_r2.fq.gz	10431
AdapPrim_nseA_ACTCACTCCGTG_r1.fq.gz	8697
AdapPrim_nseA_ACTCACTCCGTG_r2.fq.gz	8697
AdapPrim_nseA_CCATCTCAGCGA_r1.fq.gz	8552
AdapPrim_nseA_CCATCTCAGCGA_r2.fq.gz	8552
AdapPrim_nseA_CCGCTTGAGGTA_r1.fq.gz	6270
AdapPrim_nseA_CCGCTTGAGGTA_r2.fq.gz	6270
AdapPrim_nseA_CGATTGTTACGT_r1.fq.gz	6283
AdapPrim_nseA_CGATTGTTACGT_r2.fq.gz	6283
AdapPrim_nseA_CGTCTCAGACAA_r1.fq.gz	10085
AdapPrim_nseA_CGTCTCAGACAA_r2.fq.gz	10085
AdapPrim_nseA_CTCTGGCTATTG_r1.fq.gz	9668
AdapPrim_nseA_CTCTGGCTATTG_r2.fq.gz	9668
AdapPrim_nseA_GAGGATCCGTTG_r1.fq.gz	8821
AdapPrim_nseA_GAGGATCCGTTG_r2.fq.gz	8821
AdapPrim_nseA_GATACGCCAGAA_r1.fq.gz	11037
AdapPrim_nseA_GATACGCCAGAA_r2.fq.gz	11037
AdapPrim_nseA_GCGTAAGAGATG_r1.fq.gz	7849
AdapPrim_nseA_GCGTAAGAGATG_r2.fq.gz	7849
AdapPrim_nseA_GGAGAAGAAGAA_r1.fq.gz	9327
AdapPrim_nseA_GGAGAAGAAGAA_r2.fq.gz	9327
AdapPrim_nseA_GGCCTAACTACT_r1.fq.gz	5944
AdapPrim_nseA_GGCCTAACTACT_r2.fq.gz	5944
AdapPrim_nseA_GGTCGGTGTTGT_r1.fq.gz	7441
AdapPrim_nseA_GGTCGGTGTTGT_r2.fq.gz	7441
AdapPrim_nseA_GGTTATCTGCGG_r1.fq.gz	11692
AdapPrim_nseA_GGTTATCTGCGG_r2.fq.gz	11692
AdapPrim_nseA_GTACTGGTGTTA_r1.fq.gz	10648
AdapPrim_nseA_GTACTGGTGTTA_r2.fq.gz	10648
AdapPrim_nseA_GTAGTAGTGACG_r1.fq.gz	14286
AdapPrim_nseA_GTAGTAGTGACG_r2.fq.gz	14286
AdapPrim_nseA_GTATTCGCGCCA_r1.fq.gz	10445
AdapPrim_nseA_GTATTCGCGCCA_r2.fq.gz	10445
AdapPrim_nseA_GTGAACCGTTCG_r1.fq.gz	10830
AdapPrim_nseA_GTGAACCGTTCG_r2.fq.gz	10830
AdapPrim_nseA_TAACACCGGTCG_r1.fq.gz	9458
AdapPrim_nseA_TAACACCGGTCG_r2.fq.gz	9458
AdapPrim_nseA_TCAGAACTACGA_r1.fq.gz	9925
AdapPrim_nseA_TCAGAACTACGA_r2.fq.gz	9925
AdapPrim_nseA_TGAAGGAGCCGA_r1.fq.gz	14581
AdapPrim_nseA_TGAAGGAGCCGA_r2.fq.gz	14581
AdapPrim_nseB_AACGCCAGCGAA_r1.fq.gz	12082
AdapPrim_nseB_AACGCCAGCGAA_r2.fq.gz	12082
AdapPrim_nseB_AATCACCAAGAG_r1.fq.gz	14584
AdapPrim_nseB_AATCACCAAGAG_r2.fq.gz	14584
AdapPrim_nseB_ACCTCAGCGCAA_r1.fq.gz	13999
AdapPrim_nseB_ACCTCAGCGCAA_r2.fq.gz	13999
AdapPrim_nseB_ACGGCGTATTGG_r1.fq.gz	15478
AdapPrim_nseB_ACGGCGTATTGG_r2.fq.gz	15478
AdapPrim_nseB_ACTCACTCCGTG_r1.fq.gz	12724
AdapPrim_nseB_ACTCACTCCGTG_r2.fq.gz	12724
AdapPrim_nseB_CCATCTCAGCGA_r1.fq.gz	12382
AdapPrim_nseB_CCATCTCAGCGA_r2.fq.gz	12382
AdapPrim_nseB_CCGCTTGAGGTA_r1.fq.gz	9018
AdapPrim_nseB_CCGCTTGAGGTA_r2.fq.gz	9018
AdapPrim_nseB_CGATTGTTACGT_r1.fq.gz	9306
AdapPrim_nseB_CGATTGTTACGT_r2.fq.gz	9306
AdapPrim_nseB_CGTCTCAGACAA_r1.fq.gz	15152
AdapPrim_nseB_CGTCTCAGACAA_r2.fq.gz	15152
AdapPrim_nseB_CTCTGGCTATTG_r1.fq.gz	14274
AdapPrim_nseB_CTCTGGCTATTG_r2.fq.gz	14274
AdapPrim_nseB_GAGGATCCGTTG_r1.fq.gz	12847
AdapPrim_nseB_GAGGATCCGTTG_r2.fq.gz	12847
AdapPrim_nseB_GATACGCCAGAA_r1.fq.gz	16152
AdapPrim_nseB_GATACGCCAGAA_r2.fq.gz	16152
AdapPrim_nseB_GCGTAAGAGATG_r1.fq.gz	11531
AdapPrim_nseB_GCGTAAGAGATG_r2.fq.gz	11531
AdapPrim_nseB_GGAGAAGAAGAA_r1.fq.gz	13998
AdapPrim_nseB_GGAGAAGAAGAA_r2.fq.gz	13998
AdapPrim_nseB_GGCCTAACTACT_r1.fq.gz	8731
AdapPrim_nseB_GGCCTAACTACT_r2.fq.gz	8731
AdapPrim_nseB_GGTCGGTGTTGT_r1.fq.gz	10593
AdapPrim_nseB_GGTCGGTGTTGT_r2.fq.gz	10593
AdapPrim_nseB_GGTTATCTGCGG_r1.fq.gz	17438
AdapPrim_nseB_GGTTATCTGCGG_r2.fq.gz	17438
AdapPrim_nseB_GTACTGGTGTTA_r1.fq.gz	15728
AdapPrim_nseB_GTACTGGTGTTA_r2.fq.gz	15728
AdapPrim_nseB_GTAGTAGTGACG_r1.fq.gz	20619
AdapPrim_nseB_GTAGTAGTGACG_r2.fq.gz	20619
AdapPrim_nseB_GTATTCGCGCCA_r1.fq.gz	15313
AdapPrim_nseB_GTATTCGCGCCA_r2.fq.gz	15313
AdapPrim_nseB_GTGAACCGTTCG_r1.fq.gz	15945
AdapPrim_nseB_GTGAACCGTTCG_r2.fq.gz	15945
AdapPrim_nseB_TAACACCGGTCG_r1.fq.gz	13838
AdapPrim_nseB_TAACACCGGTCG_r2.fq.gz	13838
AdapPrim_nseB_TCAGAACTACGA_r1.fq.gz	14451
AdapPrim_nseB_TCAGAACTACGA_r2.fq.gz	14451
AdapPrim_nseB_TGAAGGAGCCGA_r1.fq.gz	21348
AdapPrim_nseB_TGAAGGAGCCGA_r2.fq.gz	21348
AdapPrim_nseC_AACGCCAGCGAA_r1.fq.gz	14159
AdapPrim_nseC_AACGCCAGCGAA_r2.fq.gz	14159
AdapPrim_nseC_AATCACCAAGAG_r1.fq.gz	17364
AdapPrim_nseC_AATCACCAAGAG_r2.fq.gz	17364
AdapPrim_nseC_ACCTCAGCGCAA_r1.fq.gz	16751
AdapPrim_nseC_ACCTCAGCGCAA_r2.fq.gz	16751
AdapPrim_nseC_ACGGCGTATTGG_r1.fq.gz	18018
AdapPrim_nseC_ACGGCGTATTGG_r2.fq.gz	18018
AdapPrim_nseC_ACTCACTCCGTG_r1.fq.gz	14928
AdapPrim_nseC_ACTCACTCCGTG_r2.fq.gz	14928
AdapPrim_nseC_CCATCTCAGCGA_r1.fq.gz	14177
AdapPrim_nseC_CCATCTCAGCGA_r2.fq.gz	14177
AdapPrim_nseC_CCGCTTGAGGTA_r1.fq.gz	10645
AdapPrim_nseC_CCGCTTGAGGTA_r2.fq.gz	10645
AdapPrim_nseC_CGATTGTTACGT_r1.fq.gz	10864
AdapPrim_nseC_CGATTGTTACGT_r2.fq.gz	10864
AdapPrim_nseC_CGTCTCAGACAA_r1.fq.gz	17554
AdapPrim_nseC_CGTCTCAGACAA_r2.fq.gz	17554
AdapPrim_nseC_CTCTGGCTATTG_r1.fq.gz	16585
AdapPrim_nseC_CTCTGGCTATTG_r2.fq.gz	16585
AdapPrim_nseC_GAGGATCCGTTG_r1.fq.gz	14907
AdapPrim_nseC_GAGGATCCGTTG_r2.fq.gz	14907
AdapPrim_nseC_GATACGCCAGAA_r1.fq.gz	18945
AdapPrim_nseC_GATACGCCAGAA_r2.fq.gz	18945
AdapPrim_nseC_GCGTAAGAGATG_r1.fq.gz	13433
AdapPrim_nseC_GCGTAAGAGATG_r2.fq.gz	13433
AdapPrim_nseC_GGAGAAGAAGAA_r1.fq.gz	16209
AdapPrim_nseC_GGAGAAGAAGAA_r2.fq.gz	16209
AdapPrim_nseC_GGCCTAACTACT_r1.fq.gz	9986
AdapPrim_nseC_GGCCTAACTACT_r2.fq.gz	9986
AdapPrim_nseC_GGTCGGTGTTGT_r1.fq.gz	12738
AdapPrim_nseC_GGTCGGTGTTGT_r2.fq.gz	12738
AdapPrim_nseC_GGTTATCTGCGG_r1.fq.gz	20360
AdapPrim_nseC_GGTTATCTGCGG_r2.fq.gz	20360
AdapPrim_nseC_GTACTGGTGTTA_r1.fq.gz	18765
AdapPrim_nseC_GTACTGGTGTTA_r2.fq.gz	18765
AdapPrim_nseC_GTAGTAGTGACG_r1.fq.gz	24609
AdapPrim_nseC_GTAGTAGTGACG_r2.fq.gz	24609
AdapPrim_nseC_GTATTCGCGCCA_r1.fq.gz	17930
AdapPrim_nseC_GTATTCGCGCCA_r2.fq.gz	17930
AdapPrim_nseC_GTGAACCGTTCG_r1.fq.gz	18937
AdapPrim_nseC_GTGAACCGTTCG_r2.fq.gz	18937
AdapPrim_nseC_TAACACCGGTCG_r1.fq.gz	16209
AdapPrim_nseC_TAACACCGGTCG_r2.fq.gz	16209
AdapPrim_nseC_TCAGAACTACGA_r1.fq.gz	16889
AdapPrim_nseC_TCAGAACTACGA_r2.fq.gz	16889
AdapPrim_nseC_TGAAGGAGCCGA_r1.fq.gz	25046
AdapPrim_nseC_TGAAGGAGCCGA_r2.fq.gz	25046
AdapPrim_nsnA_AACGCCAGCGAA_r1.fq.gz	7005
AdapPrim_nsnA_AACGCCAGCGAA_r2.fq.gz	7005
AdapPrim_nsnA_AATCACCAAGAG_r1.fq.gz	8603
AdapPrim_nsnA_AATCACCAAGAG_r2.fq.gz	8603
AdapPrim_nsnA_ACCTCAGCGCAA_r1.fq.gz	8254
AdapPrim_nsnA_ACCTCAGCGCAA_r2.fq.gz	8254
AdapPrim_nsnA_ACGGCGTATTGG_r1.fq.gz	8891
AdapPrim_nsnA_ACGGCGTATTGG_r2.fq.gz	8891
AdapPrim_nsnA_ACTCACTCCGTG_r1.fq.gz	7514
AdapPrim_nsnA_ACTCACTCCGTG_r2.fq.gz	7514
AdapPrim_nsnA_CCATCTCAGCGA_r1.fq.gz	7079
AdapPrim_nsnA_CCATCTCAGCGA_r2.fq.gz	7079
AdapPrim_nsnA_CCGCTTGAGGTA_r1.fq.gz	5290
AdapPrim_nsnA_CCGCTTGAGGTA_r2.fq.gz	5290
AdapPrim_nsnA_CGATTGTTACGT_r1.fq.gz	5324
AdapPrim_nsnA_CGATTGTTACGT_r2.fq.gz	5324
AdapPrim_nsnA_CGTCTCAGACAA_r1.fq.gz	8563
AdapPrim_nsnA_CGTCTCAGACAA_r2.fq.gz	8563
AdapPrim_nsnA_CTCTGGCTATTG_r1.fq.gz	8263
AdapPrim_nsnA_CTCTGGCTATTG_r2.fq.gz	8263
AdapPrim_nsnA_GAGGATCCGTTG_r1.fq.gz	7403
AdapPrim_nsnA_GAGGATCCGTTG_r2.fq.gz	7403
AdapPrim_nsnA_GATACGCCAGAA_r1.fq.gz	9326
AdapPrim_nsnA_GATACGCCAGAA_r2.fq.gz	9326
AdapPrim_nsnA_GCGTAAGAGATG_r1.fq.gz	6809
AdapPrim_nsnA_GCGTAAGAGATG_r2.fq.gz	6809
AdapPrim_nsnA_GGAGAAGAAGAA_r1.fq.gz	7871
AdapPrim_nsnA_GGAGAAGAAGAA_r2.fq.gz	7871
AdapPrim_nsnA_GGCCTAACTACT_r1.fq.gz	5089
AdapPrim_nsnA_GGCCTAACTACT_r2.fq.gz	5089
AdapPrim_nsnA_GGTCGGTGTTGT_r1.fq.gz	6323
AdapPrim_nsnA_GGTCGGTGTTGT_r2.fq.gz	6323
AdapPrim_nsnA_GGTTATCTGCGG_r1.fq.gz	10327
AdapPrim_nsnA_GGTTATCTGCGG_r2.fq.gz	10327
AdapPrim_nsnA_GTACTGGTGTTA_r1.fq.gz	9459
AdapPrim_nsnA_GTACTGGTGTTA_r2.fq.gz	9459
AdapPrim_nsnA_GTAGTAGTGACG_r1.fq.gz	12242
AdapPrim_nsnA_GTAGTAGTGACG_r2.fq.gz	12242
AdapPrim_nsnA_GTATTCGCGCCA_r1.fq.gz	8915
AdapPrim_nsnA_GTATTCGCGCCA_r2.fq.gz	8915
AdapPrim_nsnA_GTGAACCGTTCG_r1.fq.gz	9439
AdapPrim_nsnA_GTGAACCGTTCG_r2.fq.gz	9439
AdapPrim_nsnA_TAACACCGGTCG_r1.fq.gz	7963
AdapPrim_nsnA_TAACACCGGTCG_r2.fq.gz	7963
AdapPrim_nsnA_TCAGAACTACGA_r1.fq.gz	8682
AdapPrim_nsnA_TCAGAACTACGA_r2.fq.gz	8682
AdapPrim_nsnA_TGAAGGAGCCGA_r1.fq.gz	12413
AdapPrim_nsnA_TGAAGGAGCCGA_r2.fq.gz	12413
AdapPrim_nsnB_AACGCCAGCGAA_r1.fq.gz	10509
AdapPrim_nsnB_AACGCCAGCGAA_r2.fq.gz	10509
AdapPrim_nsnB_AATCACCAAGAG_r1.fq.gz	12877
AdapPrim_nsnB_AATCACCAAGAG_r2.fq.gz	12877
AdapPrim_nsnB_ACCTCAGCGCAA_r1.fq.gz	12431
AdapPrim_nsnB_ACCTCAGCGCAA_r2.fq.gz	12431
AdapPrim_nsnB_ACGGCGTATTGG_r1.fq.gz	13421
AdapPrim_nsnB_ACGGCGTATTGG_r2.fq.gz	13421
AdapPrim_nsnB_ACTCACTCCGTG_r1.fq.gz	11186
AdapPrim_nsnB_ACTCACTCCGTG_r2.fq.gz	11186
AdapPrim_nsnB_CCATCTCAGCGA_r1.fq.gz	10633
AdapPrim_nsnB_CCATCTCAGCGA_r2.fq.gz	10633
AdapPrim_nsnB_CCGCTTGAGGTA_r1.fq.gz	7944
AdapPrim_nsnB_CCGCTTGAGGTA_r2.fq.gz	7944
AdapPrim_nsnB_CGATTGTTACGT_r1.fq.gz	8074
AdapPrim_nsnB_CGATTGTTACGT_r2.fq.gz	8074
AdapPrim_nsnB_CGTCTCAGACAA_r1.fq.gz	13046
AdapPrim_nsnB_CGTCTCAGACAA_r2.fq.gz	13046
AdapPrim_nsnB_CTCTGGCTATTG_r1.fq.gz	12407
AdapPrim_nsnB_CTCTGGCTATTG_r2.fq.gz	12407
AdapPrim_nsnB_GAGGATCCGTTG_r1.fq.gz	11076
AdapPrim_nsnB_GAGGATCCGTTG_r2.fq.gz	11076
AdapPrim_nsnB_GATACGCCAGAA_r1.fq.gz	14360
AdapPrim_nsnB_GATACGCCAGAA_r2.fq.gz	14360
AdapPrim_nsnB_GCGTAAGAGATG_r1.fq.gz	10063
AdapPrim_nsnB_GCGTAAGAGATG_r2.fq.gz	10063
AdapPrim_nsnB_GGAGAAGAAGAA_r1.fq.gz	11891
AdapPrim_nsnB_GGAGAAGAAGAA_r2.fq.gz	11891
AdapPrim_nsnB_GGCCTAACTACT_r1.fq.gz	7347
AdapPrim_nsnB_GGCCTAACTACT_r2.fq.gz	7347
AdapPrim_nsnB_GGTCGGTGTTGT_r1.fq.gz	9197
AdapPrim_nsnB_GGTCGGTGTTGT_r2.fq.gz	9197
AdapPrim_nsnB_GGTTATCTGCGG_r1.fq.gz	14910
AdapPrim_nsnB_GGTTATCTGCGG_r2.fq.gz	14910
AdapPrim_nsnB_GTACTGGTGTTA_r1.fq.gz	13884
AdapPrim_nsnB_GTACTGGTGTTA_r2.fq.gz	13884
AdapPrim_nsnB_GTAGTAGTGACG_r1.fq.gz	17972
AdapPrim_nsnB_GTAGTAGTGACG_r2.fq.gz	17972
AdapPrim_nsnB_GTATTCGCGCCA_r1.fq.gz	13263
AdapPrim_nsnB_GTATTCGCGCCA_r2.fq.gz	13263
AdapPrim_nsnB_GTGAACCGTTCG_r1.fq.gz	13725
AdapPrim_nsnB_GTGAACCGTTCG_r2.fq.gz	13725
AdapPrim_nsnB_TAACACCGGTCG_r1.fq.gz	12016
AdapPrim_nsnB_TAACACCGGTCG_r2.fq.gz	12016
AdapPrim_nsnB_TCAGAACTACGA_r1.fq.gz	12803
AdapPrim_nsnB_TCAGAACTACGA_r2.fq.gz	12803
AdapPrim_nsnB_TGAAGGAGCCGA_r1.fq.gz	18664
AdapPrim_nsnB_TGAAGGAGCCGA_r2.fq.gz	18664
AdapPrim_nsnC_AACGCCAGCGAA_r1.fq.gz	4900
AdapPrim_nsnC_AACGCCAGCGAA_r2.fq.gz	4900
AdapPrim_nsnC_AATCACCAAGAG_r1.fq.gz	6036
AdapPrim_nsnC_AATCACCAAGAG_r2.fq.gz	6036
AdapPrim_nsnC_ACCTCAGCGCAA_r1.fq.gz	5868
AdapPrim_nsnC_ACCTCAGCGCAA_r2.fq.gz	5868
AdapPrim_nsnC_ACGGCGTATTGG_r1.fq.gz	6513
AdapPrim_nsnC_ACGGCGTATTGG_r2.fq.gz	6513
AdapPrim_nsnC_ACTCACTCCGTG_r1.fq.gz	5316
AdapPrim_nsnC_ACTCACTCCGTG_r2.fq.gz	5316
AdapPrim_nsnC_CCATCTCAGCGA_r1.fq.gz	5057
AdapPrim_nsnC_CCATCTCAGCGA_r2.fq.gz	5057
AdapPrim_nsnC_CCGCTTGAGGTA_r1.fq.gz	3827
AdapPrim_nsnC_CCGCTTGAGGTA_r2.fq.gz	3827
AdapPrim_nsnC_CGATTGTTACGT_r1.fq.gz	3764
AdapPrim_nsnC_CGATTGTTACGT_r2.fq.gz	3764
AdapPrim_nsnC_CGTCTCAGACAA_r1.fq.gz	6278
AdapPrim_nsnC_CGTCTCAGACAA_r2.fq.gz	6278
AdapPrim_nsnC_CTCTGGCTATTG_r1.fq.gz	5937
AdapPrim_nsnC_CTCTGGCTATTG_r2.fq.gz	5937
AdapPrim_nsnC_GAGGATCCGTTG_r1.fq.gz	5187
AdapPrim_nsnC_GAGGATCCGTTG_r2.fq.gz	5187
AdapPrim_nsnC_GATACGCCAGAA_r1.fq.gz	6807
AdapPrim_nsnC_GATACGCCAGAA_r2.fq.gz	6807
AdapPrim_nsnC_GCGTAAGAGATG_r1.fq.gz	4697
AdapPrim_nsnC_GCGTAAGAGATG_r2.fq.gz	4697
AdapPrim_nsnC_GGAGAAGAAGAA_r1.fq.gz	5540
AdapPrim_nsnC_GGAGAAGAAGAA_r2.fq.gz	5540
AdapPrim_nsnC_GGCCTAACTACT_r1.fq.gz	3694
AdapPrim_nsnC_GGCCTAACTACT_r2.fq.gz	3694
AdapPrim_nsnC_GGTCGGTGTTGT_r1.fq.gz	4534
AdapPrim_nsnC_GGTCGGTGTTGT_r2.fq.gz	4534
AdapPrim_nsnC_GGTTATCTGCGG_r1.fq.gz	7178
AdapPrim_nsnC_GGTTATCTGCGG_r2.fq.gz	7178
AdapPrim_nsnC_GTACTGGTGTTA_r1.fq.gz	6860
AdapPrim_nsnC_GTACTGGTGTTA_r2.fq.gz	6860
AdapPrim_nsnC_GTAGTAGTGACG_r1.fq.gz	8811
AdapPrim_nsnC_GTAGTAGTGACG_r2.fq.gz	8811
AdapPrim_nsnC_GTATTCGCGCCA_r1.fq.gz	6382
AdapPrim_nsnC_GTATTCGCGCCA_r2.fq.gz	6382
AdapPrim_nsnC_GTGAACCGTTCG_r1.fq.gz	6523
AdapPrim_nsnC_GTGAACCGTTCG_r2.fq.gz	6523
AdapPrim_nsnC_TAACACCGGTCG_r1.fq.gz	5770
AdapPrim_nsnC_TAACACCGGTCG_r2.fq.gz	5770
AdapPrim_nsnC_TCAGAACTACGA_r1.fq.gz	6163
AdapPrim_nsnC_TCAGAACTACGA_r2.fq.gz	6163
AdapPrim_nsnC_TGAAGGAGCCGA_r1.fq.gz	8867
AdapPrim_nsnC_TGAAGGAGCCGA_r2.fq.gz	8867
BBB_BBB_AACAGGTTCCAA_r1.fq.gz	201044
BBB_BBB_AACAGGTTCCAA_r2.fq.gz	201044
BBB_BBB_AACGTAACGCTG_r1.fq.gz	132040
BBB_BBB_AACGTAACGCTG_r2.fq.gz	132040
BBB_BBB_AATGTTCTCTCC_r1.fq.gz	141994
BBB_BBB_AATGTTCTCTCC_r2.fq.gz	141994
BBB_BBB_ACCTGTGGACGT_r1.fq.gz	22255
BBB_BBB_ACCTGTGGACGT_r2.fq.gz	22255
BBB_BBB_AGAAGCGTTCTA_r1.fq.gz	84869
BBB_BBB_AGAAGCGTTCTA_r2.fq.gz	84869
BBB_BBB_AGTCGTGTCCTG_r1.fq.gz	244908
BBB_BBB_AGTCGTGTCCTG_r2.fq.gz	244908
BBB_BBB_CTTAACCAGTCA_r1.fq.gz	133020
BBB_BBB_CTTAACCAGTCA_r2.fq.gz	133020
BBB_BBB_GATCAGCTTACA_r1.fq.gz	183497
BBB_BBB_GATCAGCTTACA_r2.fq.gz	183497
BBB_BBB_GCTACTGGTCCA_r1.fq.gz	172104
BBB_BBB_GCTACTGGTCCA_r2.fq.gz	172104
BBB_BBB_GGATTCACCGAA_r1.fq.gz	51309
BBB_BBB_GGATTCACCGAA_r2.fq.gz	51309
BBB_BBB_GTCGCCAACTTC_r1.fq.gz	149718
BBB_BBB_GTCGCCAACTTC_r2.fq.gz	149718
BBB_BBB_TATTCTGCCTCA_r1.fq.gz	142850
BBB_BBB_TATTCTGCCTCA_r2.fq.gz	142850
BBB_BBB_TCTTATCCTCGA_r1.fq.gz	272428
BBB_BBB_TCTTATCCTCGA_r2.fq.gz	272428
BBB_BBB_TGACACTCACCA_r1.fq.gz	172309
BBB_BBB_TGACACTCACCA_r2.fq.gz	172309
BBB_BBB_TGGCTGCAGGTT_r1.fq.gz	150699
BBB_BBB_TGGCTGCAGGTT_r2.fq.gz	150699
BBB_BBB_TTGTAAGCGGAA_r1.fq.gz	134122
BBB_BBB_TTGTAAGCGGAA_r2.fq.gz	134122
BBB_Resus_AACCGGTGATAG_r1.fq.gz	92019
BBB_Resus_AACCGGTGATAG_r2.fq.gz	92019
BBB_Resus_AATCTCGTATGG_r1.fq.gz	110440
BBB_Resus_AATCTCGTATGG_r2.fq.gz	110440
BBB_Resus_ACCTTATGTCGG_r1.fq.gz	120196
BBB_Resus_ACCTTATGTCGG_r2.fq.gz	120196
BBB_Resus_CAATGGACAGAA_r1.fq.gz	173151
BBB_Resus_CAATGGACAGAA_r2.fq.gz	173151
BBB_Resus_CAGGTACGTCCA_r1.fq.gz	170447
BBB_Resus_CAGGTACGTCCA_r2.fq.gz	170447
BBB_Resus_CATGTGAAGGTA_r1.fq.gz	113171
BBB_Resus_CATGTGAAGGTA_r2.fq.gz	113171
BBB_Resus_CCTTCTAACACC_r1.fq.gz	16348
BBB_Resus_CCTTCTAACACC_r2.fq.gz	16348
BBB_Resus_CGTATTACGGAA_r1.fq.gz	58085
BBB_Resus_CGTATTACGGAA_r2.fq.gz	58085
BBB_Resus_CTATTCGTCAGA_r1.fq.gz	83842
BBB_Resus_CTATTCGTCAGA_r2.fq.gz	83842
BBB_Resus_GTAACACTCTTC_r1.fq.gz	66921
BBB_Resus_GTAACACTCTTC_r2.fq.gz	66921
BBB_Resus_TCCACATTATGG_r1.fq.gz	127331
BBB_Resus_TCCACATTATGG_r2.fq.gz	127331
BBB_Resus_TCCGTCTCACAA_r1.fq.gz	56258
BBB_Resus_TCCGTCTCACAA_r2.fq.gz	56258
BBB_Resus_TGACCTCTGGTA_r1.fq.gz	130287
BBB_Resus_TGACCTCTGGTA_r2.fq.gz	130287
BBB_Resus_TGACTAAGCTGG_r1.fq.gz	113269
BBB_Resus_TGACTAAGCTGG_r2.fq.gz	113269
BBB_Resus_TTCGAACGTACA_r1.fq.gz	158280
BBB_Resus_TTCGAACGTACA_r2.fq.gz	158280
BBB_Resus_TTGCTCCGCAGA_r1.fq.gz	81096
BBB_Resus_TTGCTCCGCAGA_r2.fq.gz	81096
BBB_Std_AACAGCGCCATG_r1.fq.gz	97983
BBB_Std_AACAGCGCCATG_r2.fq.gz	97983
BBB_Std_AAGTGGTTGCGG_r1.fq.gz	93839
BBB_Std_AAGTGGTTGCGG_r2.fq.gz	93839
BBB_Std_ACATAAGTCAGG_r1.fq.gz	167515
BBB_Std_ACATAAGTCAGG_r2.fq.gz	167515
BBB_Std_AGCCATAGTAGA_r1.fq.gz	104183
BBB_Std_AGCCATAGTAGA_r2.fq.gz	104183
BBB_Std_AGCTAAGACCTT_r1.fq.gz	71660
BBB_Std_AGCTAAGACCTT_r2.fq.gz	71660
BBB_Std_AGTAGTTAGCCG_r1.fq.gz	89999
BBB_Std_AGTAGTTAGCCG_r2.fq.gz	89999
BBB_Std_CAGCACTTCACA_r1.fq.gz	106432
BBB_Std_CAGCACTTCACA_r2.fq.gz	106432
BBB_Std_CCAAGATCCGTA_r1.fq.gz	91889
BBB_Std_CCAAGATCCGTA_r2.fq.gz	91889
BBB_Std_CTGGACTAACAA_r1.fq.gz	281481
BBB_Std_CTGGACTAACAA_r2.fq.gz	281481
BBB_Std_GGCATTGTTCTG_r1.fq.gz	70558
BBB_Std_GGCATTGTTCTG_r2.fq.gz	70558
BBB_Std_GTATGCTTCCTA_r1.fq.gz	122699
BBB_Std_GTATGCTTCCTA_r2.fq.gz	122699
BBB_Std_GTTGTGCTCCAA_r1.fq.gz	86357
BBB_Std_GTTGTGCTCCAA_r2.fq.gz	86357
BBB_Std_TACCTAGGTGTA_r1.fq.gz	89189
BBB_Std_TACCTAGGTGTA_r2.fq.gz	89189
BBB_Std_TCGAGTCTGGCA_r1.fq.gz	170331
BBB_Std_TCGAGTCTGGCA_r2.fq.gz	170331
BBB_Std_TCGGCTGTCCAA_r1.fq.gz	122505
BBB_Std_TCGGCTGTCCAA_r2.fq.gz	122505
BBB_Std_TGTGCCAAGGTG_r1.fq.gz	95010
BBB_Std_TGTGCCAAGGTG_r2.fq.gz	95010
poolsize_320_ACGAACTCGGAA_r1.fq.gz	60276
poolsize_320_ACGAACTCGGAA_r2.fq.gz	60276
poolsize_320_AGTCAGGATTCT_r1.fq.gz	69094
poolsize_320_AGTCAGGATTCT_r2.fq.gz	69094
poolsize_320_ATAGAGTACTCC_r1.fq.gz	177155
poolsize_320_ATAGAGTACTCC_r2.fq.gz	177155
poolsize_320_ATGGTCCACTCG_r1.fq.gz	162015
poolsize_320_ATGGTCCACTCG_r2.fq.gz	162015
poolsize_320_CAACCGTCGCTT_r1.fq.gz	14987
poolsize_320_CAACCGTCGCTT_r2.fq.gz	14987
poolsize_320_CAGACAGCATAA_r1.fq.gz	210413
poolsize_320_CAGACAGCATAA_r2.fq.gz	210413
poolsize_320_CTGGCGTTGCTA_r1.fq.gz	268200
poolsize_320_CTGGCGTTGCTA_r2.fq.gz	268200
poolsize_320_GCTAGGTTATCA_r1.fq.gz	75974
poolsize_320_GCTAGGTTATCA_r2.fq.gz	75974
poolsize_320_GCTATGATCGCC_r1.fq.gz	52670
poolsize_320_GCTATGATCGCC_r2.fq.gz	52670
poolsize_320_GTACAAGACGTG_r1.fq.gz	201338
poolsize_320_GTACAAGACGTG_r2.fq.gz	201338
poolsize_320_TATTCCTGTAGG_r1.fq.gz	228726
poolsize_320_TATTCCTGTAGG_r2.fq.gz	228726
poolsize_320_TCGCATTCAGGA_r1.fq.gz	69283
poolsize_320_TCGCATTCAGGA_r2.fq.gz	69283
poolsize_320_TCGCTCATGCAA_r1.fq.gz	50213
poolsize_320_TCGCTCATGCAA_r2.fq.gz	50213
poolsize_320_TGCTACCAACAA_r1.fq.gz	135232
poolsize_320_TGCTACCAACAA_r2.fq.gz	135232
poolsize_320_TGGCGTAACCTC_r1.fq.gz	212152
poolsize_320_TGGCGTAACCTC_r2.fq.gz	212152
poolsize_320_TGGTGGCGCTTA_r1.fq.gz	202378
poolsize_320_TGGTGGCGCTTA_r2.fq.gz	202378
poolsize_80_ATAGAGTACTCC_r1.fq.gz	174148
poolsize_80_ATAGAGTACTCC_r2.fq.gz	174148
poolsize_80_CAGACAGCATAA_r1.fq.gz	122865
poolsize_80_CAGACAGCATAA_r2.fq.gz	122865
poolsize_80_CTGGCGTTGCTA_r1.fq.gz	188029
poolsize_80_CTGGCGTTGCTA_r2.fq.gz	188029
poolsize_80_GTACAAGACGTG_r1.fq.gz	317379
poolsize_80_GTACAAGACGTG_r2.fq.gz	317379
poolsize_80_TATTCCTGTAGG_r1.fq.gz	197456
poolsize_80_TATTCCTGTAGG_r2.fq.gz	197456
poolsize_80_TGCTACCAACAA_r1.fq.gz	170987
poolsize_80_TGCTACCAACAA_r2.fq.gz	170987
poolsize_80_TGGCGTAACCTC_r1.fq.gz	186745
poolsize_80_TGGCGTAACCTC_r2.fq.gz	186745
poolsize_80_TGGTGGCGCTTA_r1.fq.gz	195257
poolsize_80_TGGTGGCGCTTA_r2.fq.gz	195257
poolsize_920_ACGAACTCGGAA_r1.fq.gz	54092
poolsize_920_ACGAACTCGGAA_r2.fq.gz	54092
poolsize_920_AGTCAGGATTCT_r1.fq.gz	47292
poolsize_920_AGTCAGGATTCT_r2.fq.gz	47292
poolsize_920_ATAGAGTACTCC_r1.fq.gz	511180
poolsize_920_ATAGAGTACTCC_r2.fq.gz	511180
poolsize_920_ATGGTCCACTCG_r1.fq.gz	46170
poolsize_920_ATGGTCCACTCG_r2.fq.gz	46170
poolsize_920_CAACCGTCGCTT_r1.fq.gz	52176
poolsize_920_CAACCGTCGCTT_r2.fq.gz	52176
poolsize_920_CAGACAGCATAA_r1.fq.gz	548067
poolsize_920_CAGACAGCATAA_r2.fq.gz	548067
poolsize_920_CTGGCGTTGCTA_r1.fq.gz	661100
poolsize_920_CTGGCGTTGCTA_r2.fq.gz	661100
poolsize_920_GCTAGGTTATCA_r1.fq.gz	55449
poolsize_920_GCTAGGTTATCA_r2.fq.gz	55449
poolsize_920_GCTATGATCGCC_r1.fq.gz	53679
poolsize_920_GCTATGATCGCC_r2.fq.gz	53679
poolsize_920_GTACAAGACGTG_r1.fq.gz	554211
poolsize_920_GTACAAGACGTG_r2.fq.gz	554211
poolsize_920_TATTCCTGTAGG_r1.fq.gz	616626
poolsize_920_TATTCCTGTAGG_r2.fq.gz	616626
poolsize_920_TCGCATTCAGGA_r1.fq.gz	48790
poolsize_920_TCGCATTCAGGA_r2.fq.gz	48790
poolsize_920_TCGCTCATGCAA_r1.fq.gz	60263
poolsize_920_TCGCTCATGCAA_r2.fq.gz	60263
poolsize_920_TGCTACCAACAA_r1.fq.gz	555238
poolsize_920_TGCTACCAACAA_r2.fq.gz	555238
poolsize_920_TGGCGTAACCTC_r1.fq.gz	409303
poolsize_920_TGGCGTAACCTC_r2.fq.gz	409303
poolsize_920_TGGTGGCGCTTA_r1.fq.gz	476990
poolsize_920_TGGTGGCGCTTA_r2.fq.gz	476990
PoP64_1_old_AAGCCTCAGTCC_r1.fq.gz	328134
PoP64_1_old_AAGCCTCAGTCC_r2.fq.gz	328134
PoP64_1_old_CACCAAGACTTC_r1.fq.gz	326622
PoP64_1_old_CACCAAGACTTC_r2.fq.gz	326622
PoP64_1_old_CGACCATACCTG_r1.fq.gz	346533
PoP64_1_old_CGACCATACCTG_r2.fq.gz	346533
PoP64_1_old_CGTATTACGGAA_r1.fq.gz	404072
PoP64_1_old_CGTATTACGGAA_r2.fq.gz	404072
PoP64_1_old_CTATTCGTCAGA_r1.fq.gz	473910
PoP64_1_old_CTATTCGTCAGA_r2.fq.gz	473910
PoP64_1_old_GCTCAGAGACTT_r1.fq.gz	258969
PoP64_1_old_GCTCAGAGACTT_r2.fq.gz	258969
PoP64_1_old_TCCGTCTCACAA_r1.fq.gz	279704
PoP64_1_old_TCCGTCTCACAA_r2.fq.gz	279704
PoP64_1_old_TTGCTCCGCAGA_r1.fq.gz	500865
PoP64_1_old_TTGCTCCGCAGA_r2.fq.gz	500865
PoP64_1_PTO_AACCGGTGATAG_r1.fq.gz	413170
PoP64_1_PTO_AACCGGTGATAG_r2.fq.gz	413170
PoP64_1_PTO_ACCAACCTTGCA_r1.fq.gz	463877
PoP64_1_PTO_ACCAACCTTGCA_r2.fq.gz	463877
PoP64_1_PTO_CATGTGAAGGTA_r1.fq.gz	408122
PoP64_1_PTO_CATGTGAAGGTA_r2.fq.gz	408122
PoP64_1_PTO_CGACCACTTAGA_r1.fq.gz	440759
PoP64_1_PTO_CGACCACTTAGA_r2.fq.gz	440759
PoP64_1_PTO_CTCTCAATCACA_r1.fq.gz	407732
PoP64_1_PTO_CTCTCAATCACA_r2.fq.gz	407732
PoP64_1_PTO_GTAACACTCTTC_r1.fq.gz	389301
PoP64_1_PTO_GTAACACTCTTC_r2.fq.gz	389301
PoP64_1_PTO_TCCACATTATGG_r1.fq.gz	355465
PoP64_1_PTO_TCCACATTATGG_r2.fq.gz	355465
PoP64_1_PTO_TGCTGAGATCGG_r1.fq.gz	458804
PoP64_1_PTO_TGCTGAGATCGG_r2.fq.gz	458804
PoP96_1_new_ACATAAGTCAGG_r1.fq.gz	339222
PoP96_1_new_ACATAAGTCAGG_r2.fq.gz	339222
PoP96_1_new_AGCTAAGACCTT_r1.fq.gz	294377
PoP96_1_new_AGCTAAGACCTT_r2.fq.gz	294377
PoP96_1_new_CAGCACTTCACA_r1.fq.gz	455039
PoP96_1_new_CAGCACTTCACA_r2.fq.gz	455039
PoP96_1_new_CCAAGATCCGTA_r1.fq.gz	543951
PoP96_1_new_CCAAGATCCGTA_r2.fq.gz	543951
PoP96_1_new_CTTAACCAGTCA_r1.fq.gz	698616
PoP96_1_new_CTTAACCAGTCA_r2.fq.gz	698616
PoP96_1_new_GTCGCCAACTTC_r1.fq.gz	152229
PoP96_1_new_GTCGCCAACTTC_r2.fq.gz	152229
PoP96_1_new_TACCTAGGTGTA_r1.fq.gz	912393
PoP96_1_new_TACCTAGGTGTA_r2.fq.gz	912393
PoP96_1_new_TATTCTGCCTCA_r1.fq.gz	744278
PoP96_1_new_TATTCTGCCTCA_r2.fq.gz	744278
PoP96_1_new_TGACACTCACCA_r1.fq.gz	784517
PoP96_1_new_TGACACTCACCA_r2.fq.gz	784517
PoP96_1_new_TGGCTGCAGGTT_r1.fq.gz	185609
PoP96_1_new_TGGCTGCAGGTT_r2.fq.gz	185609
PoP96_1_old_AACAGCGCCATG_r1.fq.gz	479339
PoP96_1_old_AACAGCGCCATG_r2.fq.gz	479339
PoP96_1_old_AACAGGTTCCAA_r1.fq.gz	139560
PoP96_1_old_AACAGGTTCCAA_r2.fq.gz	139560
PoP96_1_old_AAGTGGTTGCGG_r1.fq.gz	433543
PoP96_1_old_AAGTGGTTGCGG_r2.fq.gz	433543
PoP96_1_old_ACCTGTGGACGT_r1.fq.gz	190972
PoP96_1_old_ACCTGTGGACGT_r2.fq.gz	190972
PoP96_1_old_AGAAGCGTTCTA_r1.fq.gz	507796
PoP96_1_old_AGAAGCGTTCTA_r2.fq.gz	507796
PoP96_1_old_AGTAGTTAGCCG_r1.fq.gz	401890
PoP96_1_old_AGTAGTTAGCCG_r2.fq.gz	401890
PoP96_1_old_CTGGACTAACAA_r1.fq.gz	291690
PoP96_1_old_CTGGACTAACAA_r2.fq.gz	291690
PoP96_1_old_GCTACTGGTCCA_r1.fq.gz	180787
PoP96_1_old_GCTACTGGTCCA_r2.fq.gz	180787
PoP96_1_old_GTTGTGCTCCAA_r1.fq.gz	520580
PoP96_1_old_GTTGTGCTCCAA_r2.fq.gz	520580
PoP96_1_old_TCGGCTGTCCAA_r1.fq.gz	424769
PoP96_1_old_TCGGCTGTCCAA_r2.fq.gz	424769
PoP96_1_old_TTGTAAGCGGAA_r1.fq.gz	103705
PoP96_1_old_TTGTAAGCGGAA_r2.fq.gz	103705
PoP96_1_PTO_AACGTAACGCTG_r1.fq.gz	173743
PoP96_1_PTO_AACGTAACGCTG_r2.fq.gz	173743
PoP96_1_PTO_AATGTTCTCTCC_r1.fq.gz	185996
PoP96_1_PTO_AATGTTCTCTCC_r2.fq.gz	185996
PoP96_1_PTO_AGCCATAGTAGA_r1.fq.gz	522944
PoP96_1_PTO_AGCCATAGTAGA_r2.fq.gz	522944
PoP96_1_PTO_AGTCGTGTCCTG_r1.fq.gz	550977
PoP96_1_PTO_AGTCGTGTCCTG_r2.fq.gz	550977
PoP96_1_PTO_GATCAGCTTACA_r1.fq.gz	701257
PoP96_1_PTO_GATCAGCTTACA_r2.fq.gz	701257
PoP96_1_PTO_GGATTCACCGAA_r1.fq.gz	542282
PoP96_1_PTO_GGATTCACCGAA_r2.fq.gz	542282
PoP96_1_PTO_GGCATTGTTCTG_r1.fq.gz	547349
PoP96_1_PTO_GGCATTGTTCTG_r2.fq.gz	547349
PoP96_1_PTO_GTATGCTTCCTA_r1.fq.gz	441713
PoP96_1_PTO_GTATGCTTCCTA_r2.fq.gz	441713
PoP96_1_PTO_TCGAGTCTGGCA_r1.fq.gz	508927
PoP96_1_PTO_TCGAGTCTGGCA_r2.fq.gz	508927
PoP96_1_PTO_TCTTATCCTCGA_r1.fq.gz	766763
PoP96_1_PTO_TCTTATCCTCGA_r2.fq.gz	766763
PoP96_1_PTO_TGTGCCAAGGTG_r1.fq.gz	565376
PoP96_1_PTO_TGTGCCAAGGTG_r2.fq.gz	565376
PoP96_2_new_ACATAAGTCAGG_r1.fq.gz	94168
PoP96_2_new_ACATAAGTCAGG_r2.fq.gz	94168
PoP96_2_new_AGCTAAGACCTT_r1.fq.gz	82629
PoP96_2_new_AGCTAAGACCTT_r2.fq.gz	82629
PoP96_2_new_CAGCACTTCACA_r1.fq.gz	128163
PoP96_2_new_CAGCACTTCACA_r2.fq.gz	128163
PoP96_2_new_CCAAGATCCGTA_r1.fq.gz	151990
PoP96_2_new_CCAAGATCCGTA_r2.fq.gz	151990
PoP96_2_new_CTTAACCAGTCA_r1.fq.gz	195075
PoP96_2_new_CTTAACCAGTCA_r2.fq.gz	195075
PoP96_2_new_GTCGCCAACTTC_r1.fq.gz	43015
PoP96_2_new_GTCGCCAACTTC_r2.fq.gz	43015
PoP96_2_new_TACCTAGGTGTA_r1.fq.gz	249555
PoP96_2_new_TACCTAGGTGTA_r2.fq.gz	249555
PoP96_2_new_TATTCTGCCTCA_r1.fq.gz	205047
PoP96_2_new_TATTCTGCCTCA_r2.fq.gz	205047
PoP96_2_new_TGACACTCACCA_r1.fq.gz	213344
PoP96_2_new_TGACACTCACCA_r2.fq.gz	213344
PoP96_2_new_TGGCTGCAGGTT_r1.fq.gz	51848
PoP96_2_new_TGGCTGCAGGTT_r2.fq.gz	51848
PoP96_2_old_AACAGCGCCATG_r1.fq.gz	457335
PoP96_2_old_AACAGCGCCATG_r2.fq.gz	457335
PoP96_2_old_AACAGGTTCCAA_r1.fq.gz	134894
PoP96_2_old_AACAGGTTCCAA_r2.fq.gz	134894
PoP96_2_old_AAGTGGTTGCGG_r1.fq.gz	415757
PoP96_2_old_AAGTGGTTGCGG_r2.fq.gz	415757
PoP96_2_old_ACCTGTGGACGT_r1.fq.gz	194608
PoP96_2_old_ACCTGTGGACGT_r2.fq.gz	194608
PoP96_2_old_AGAAGCGTTCTA_r1.fq.gz	495846
PoP96_2_old_AGAAGCGTTCTA_r2.fq.gz	495846
PoP96_2_old_AGTAGTTAGCCG_r1.fq.gz	388981
PoP96_2_old_AGTAGTTAGCCG_r2.fq.gz	388981
PoP96_2_old_CTGGACTAACAA_r1.fq.gz	284276
PoP96_2_old_CTGGACTAACAA_r2.fq.gz	284276
PoP96_2_old_GCTACTGGTCCA_r1.fq.gz	170694
PoP96_2_old_GCTACTGGTCCA_r2.fq.gz	170694
PoP96_2_old_GTTGTGCTCCAA_r1.fq.gz	492398
PoP96_2_old_GTTGTGCTCCAA_r2.fq.gz	492398
PoP96_2_old_TCGGCTGTCCAA_r1.fq.gz	411488
PoP96_2_old_TCGGCTGTCCAA_r2.fq.gz	411488
PoP96_2_old_TTGTAAGCGGAA_r1.fq.gz	101952
PoP96_2_old_TTGTAAGCGGAA_r2.fq.gz	101952
PoP96_2_PTO_AACGTAACGCTG_r1.fq.gz	177201
PoP96_2_PTO_AACGTAACGCTG_r2.fq.gz	177201
PoP96_2_PTO_AATGTTCTCTCC_r1.fq.gz	185207
PoP96_2_PTO_AATGTTCTCTCC_r2.fq.gz	185207
PoP96_2_PTO_AGCCATAGTAGA_r1.fq.gz	528175
PoP96_2_PTO_AGCCATAGTAGA_r2.fq.gz	528175
PoP96_2_PTO_AGTCGTGTCCTG_r1.fq.gz	538540
PoP96_2_PTO_AGTCGTGTCCTG_r2.fq.gz	538540
PoP96_2_PTO_GATCAGCTTACA_r1.fq.gz	709196
PoP96_2_PTO_GATCAGCTTACA_r2.fq.gz	709196
PoP96_2_PTO_GGATTCACCGAA_r1.fq.gz	557809
PoP96_2_PTO_GGATTCACCGAA_r2.fq.gz	557809
PoP96_2_PTO_GGCATTGTTCTG_r1.fq.gz	557027
PoP96_2_PTO_GGCATTGTTCTG_r2.fq.gz	557027
PoP96_2_PTO_GTATGCTTCCTA_r1.fq.gz	449133
PoP96_2_PTO_GTATGCTTCCTA_r2.fq.gz	449133
PoP96_2_PTO_TCGAGTCTGGCA_r1.fq.gz	521830
PoP96_2_PTO_TCGAGTCTGGCA_r2.fq.gz	521830
PoP96_2_PTO_TCTTATCCTCGA_r1.fq.gz	774617
PoP96_2_PTO_TCTTATCCTCGA_r2.fq.gz	774617
PoP96_2_PTO_TGTGCCAAGGTG_r1.fq.gz	575071
PoP96_2_PTO_TGTGCCAAGGTG_r2.fq.gz	575071
PoP96_3_new_ACATAAGTCAGG_r1.fq.gz	311580
PoP96_3_new_ACATAAGTCAGG_r2.fq.gz	311580
PoP96_3_new_AGCTAAGACCTT_r1.fq.gz	268022
PoP96_3_new_AGCTAAGACCTT_r2.fq.gz	268022
PoP96_3_new_CAGCACTTCACA_r1.fq.gz	409517
PoP96_3_new_CAGCACTTCACA_r2.fq.gz	409517
PoP96_3_new_CCAAGATCCGTA_r1.fq.gz	481876
PoP96_3_new_CCAAGATCCGTA_r2.fq.gz	481876
PoP96_3_new_CTTAACCAGTCA_r1.fq.gz	625665
PoP96_3_new_CTTAACCAGTCA_r2.fq.gz	625665
PoP96_3_new_GTCGCCAACTTC_r1.fq.gz	137845
PoP96_3_new_GTCGCCAACTTC_r2.fq.gz	137845
PoP96_3_new_TACCTAGGTGTA_r1.fq.gz	848699
PoP96_3_new_TACCTAGGTGTA_r2.fq.gz	848699
PoP96_3_new_TATTCTGCCTCA_r1.fq.gz	679104
PoP96_3_new_TATTCTGCCTCA_r2.fq.gz	679104
PoP96_3_new_TGACACTCACCA_r1.fq.gz	697141
PoP96_3_new_TGACACTCACCA_r2.fq.gz	697141
PoP96_3_new_TGGCTGCAGGTT_r1.fq.gz	165385
PoP96_3_new_TGGCTGCAGGTT_r2.fq.gz	165385
PoP96_3_old_AACAGCGCCATG_r1.fq.gz	166104
PoP96_3_old_AACAGCGCCATG_r2.fq.gz	166104
PoP96_3_old_AACAGGTTCCAA_r1.fq.gz	45311
PoP96_3_old_AACAGGTTCCAA_r2.fq.gz	45311
PoP96_3_old_AAGTGGTTGCGG_r1.fq.gz	158555
PoP96_3_old_AAGTGGTTGCGG_r2.fq.gz	158555
PoP96_3_old_ACCTGTGGACGT_r1.fq.gz	73115
PoP96_3_old_ACCTGTGGACGT_r2.fq.gz	73115
PoP96_3_old_AGAAGCGTTCTA_r1.fq.gz	195589
PoP96_3_old_AGAAGCGTTCTA_r2.fq.gz	195589
PoP96_3_old_AGTAGTTAGCCG_r1.fq.gz	151778
PoP96_3_old_AGTAGTTAGCCG_r2.fq.gz	151778
PoP96_3_old_CTGGACTAACAA_r1.fq.gz	98041
PoP96_3_old_CTGGACTAACAA_r2.fq.gz	98041
PoP96_3_old_GCTACTGGTCCA_r1.fq.gz	60532
PoP96_3_old_GCTACTGGTCCA_r2.fq.gz	60532
PoP96_3_old_GTTGTGCTCCAA_r1.fq.gz	166169
PoP96_3_old_GTTGTGCTCCAA_r2.fq.gz	166169
PoP96_3_old_TCGGCTGTCCAA_r1.fq.gz	135076
PoP96_3_old_TCGGCTGTCCAA_r2.fq.gz	135076
PoP96_3_old_TTGTAAGCGGAA_r1.fq.gz	39090
PoP96_3_old_TTGTAAGCGGAA_r2.fq.gz	39090
PoP96_3_PTO_AACGTAACGCTG_r1.fq.gz	115026
PoP96_3_PTO_AACGTAACGCTG_r2.fq.gz	115026
PoP96_3_PTO_AATGTTCTCTCC_r1.fq.gz	124130
PoP96_3_PTO_AATGTTCTCTCC_r2.fq.gz	124130
PoP96_3_PTO_AGCCATAGTAGA_r1.fq.gz	345791
PoP96_3_PTO_AGCCATAGTAGA_r2.fq.gz	345791
PoP96_3_PTO_AGTCGTGTCCTG_r1.fq.gz	311030
PoP96_3_PTO_AGTCGTGTCCTG_r2.fq.gz	311030
PoP96_3_PTO_GATCAGCTTACA_r1.fq.gz	465113
PoP96_3_PTO_GATCAGCTTACA_r2.fq.gz	465113
PoP96_3_PTO_GGATTCACCGAA_r1.fq.gz	362701
PoP96_3_PTO_GGATTCACCGAA_r2.fq.gz	362701
PoP96_3_PTO_GGCATTGTTCTG_r1.fq.gz	368735
PoP96_3_PTO_GGCATTGTTCTG_r2.fq.gz	368735
PoP96_3_PTO_GTATGCTTCCTA_r1.fq.gz	296195
PoP96_3_PTO_GTATGCTTCCTA_r2.fq.gz	296195
PoP96_3_PTO_TCGAGTCTGGCA_r1.fq.gz	339137
PoP96_3_PTO_TCGAGTCTGGCA_r2.fq.gz	339137
PoP96_3_PTO_TCTTATCCTCGA_r1.fq.gz	508433
PoP96_3_PTO_TCTTATCCTCGA_r2.fq.gz	508433
PoP96_3_PTO_TGTGCCAAGGTG_r1.fq.gz	383573
PoP96_3_PTO_TGTGCCAAGGTG_r2.fq.gz	383573
RTase_M42_AGGACATTGGTA_r1.fq.gz	3715318
RTase_M42_AGGACATTGGTA_r2.fq.gz	3715318
RTase_M42_CGTATGAAGAGG_r1.fq.gz	3879515
RTase_M42_CGTATGAAGAGG_r2.fq.gz	3879515
RTase_M42_GTCGGCCGATAT_r1.fq.gz	1290349
RTase_M42_GTCGGCCGATAT_r2.fq.gz	1290349
RTase_M42_TCACTGTACCGG_r1.fq.gz	3181825
RTase_M42_TCACTGTACCGG_r2.fq.gz	3181825
RTase_M50_CCTTGACTGTGG_r1.fq.gz	3227942
RTase_M50_CCTTGACTGTGG_r2.fq.gz	3227942
RTase_M50_CTGAAGATACTG_r1.fq.gz	1572741
RTase_M50_CTGAAGATACTG_r2.fq.gz	1572741
RTase_M50_TCCTCCGCTTGT_r1.fq.gz	3427904
RTase_M50_TCCTCCGCTTGT_r2.fq.gz	3427904
RTase_M50_TTGTACCTACGG_r1.fq.gz	1890779
RTase_M50_TTGTACCTACGG_r2.fq.gz	1890779
RTase_S42_AAGAGTCTAACC_r1.fq.gz	103080
RTase_S42_AAGAGTCTAACC_r2.fq.gz	103080
RTase_S42_AGCGGTAGATTA_r1.fq.gz	4865832
RTase_S42_AGCGGTAGATTA_r2.fq.gz	4865832
RTase_S42_ATATCACGCGCG_r1.fq.gz	692369
RTase_S42_ATATCACGCGCG_r2.fq.gz	692369
RTase_S42_GATATAGTGCAG_r1.fq.gz	2047665
RTase_S42_GATATAGTGCAG_r2.fq.gz	2047665
RTase_S50_AGTCAGGATTCT_r1.fq.gz	2791829
RTase_S50_AGTCAGGATTCT_r2.fq.gz	2791829
RTase_S50_ATGGTCCACTCG_r1.fq.gz	6093466
RTase_S50_ATGGTCCACTCG_r2.fq.gz	6093466
RTase_S50_CAACCGTCGCTT_r1.fq.gz	2523297
RTase_S50_CAACCGTCGCTT_r2.fq.gz	2523297
RTase_S50_GCTATGATCGCC_r1.fq.gz	2755952
RTase_S50_GCTATGATCGCC_r2.fq.gz	2755952
